,News Organization,Date,Tweets Ago,Tweet,Compound,Positive,Neutral,Negative
0,@BBCWorld,Mon Sep 17 15:48:15 +0000 2018,0,Coca-Cola 'in talks' over cannabis-infused drinks https://t.co/2asjt2EIMI,0.0,0.0,1.0,0.0
1,@BBCWorld,Mon Sep 17 15:35:41 +0000 2018,1,Valt√≤nyc: Belgian court refuses to extradite Spanish rapper https://t.co/QrxTmIuDgG,0.0,0.0,1.0,0.0
2,@BBCWorld,Mon Sep 17 15:29:45 +0000 2018,2,RT @BBCAfrica: Burkina Faso botched FGM leaves 50 girls in hospital https://t.co/QyEMlCWyXo https://t.co/A6oBYsj3QQ,0.0,0.0,1.0,0.0
3,@BBCWorld,Mon Sep 17 15:05:06 +0000 2018,3,US border agent Juan David Ortiz confesses to murders https://t.co/yYF2GqIS0O,-0.6124,0.0,0.692,0.308
4,@BBCWorld,Mon Sep 17 14:47:01 +0000 2018,4,RT @BBCNorthAmerica: Brett Kavanaugh debate fast becomes political battle https://t.co/eKuMlA3IoB,-0.3818,0.0,0.776,0.224
5,@BBCWorld,Mon Sep 17 14:45:33 +0000 2018,5,"RT @BBCBreaking: US Supreme Court nominee Brett Kavanaugh says sexual assault claim against him is ""completely false"" in first comment sinc‚Ä¶",-0.0516,0.136,0.72,0.144
6,@BBCWorld,Mon Sep 17 13:04:55 +0000 2018,6,"RT @BBCNews: Kitty stash: 'Bag of drugs' found by cat

https://t.co/YK4XAqzZCw",0.0,0.0,1.0,0.0
7,@BBCWorld,Mon Sep 17 12:27:04 +0000 2018,7,"RT @BBCNews: Eyebrow, therefore I am ü§î

Dad's beauty rant goes viral 

https://t.co/kIGATsR962",0.34,0.25,0.592,0.158
8,@BBCWorld,Mon Sep 17 11:40:35 +0000 2018,8,Brett Kavanaugh: Republican senators call for vote delay https://t.co/WuKCvJoc85,-0.3182,0.0,0.777,0.223
9,@BBCWorld,Mon Sep 17 11:35:10 +0000 2018,9,H√©l√®ne Pastor murder: Ten on trial in Monaco heiress case https://t.co/RfmcdYNVFu,-0.6908,0.0,0.68,0.32
10,@BBCWorld,Mon Sep 17 11:32:17 +0000 2018,10,War memorial unveiled after Donegal Orange hall fire https://t.co/wQdE7KGIlu,-0.743,0.0,0.526,0.474
11,@BBCWorld,Mon Sep 17 11:19:13 +0000 2018,11,Russian communist hunger strike over 'rigged' far east vote https://t.co/tnzje8NPYk,-0.3612,0.0,0.696,0.304
12,@BBCWorld,Mon Sep 17 10:47:59 +0000 2018,12,"RT @bbcweather: #Florence may well have weakened but as this radar image shows, its still producing some very heavy rainfall, and warnings‚Ä¶",-0.0258,0.067,0.862,0.071
13,@BBCWorld,Mon Sep 17 10:47:35 +0000 2018,13,Teodorin Obiang: $16m seized from Equatorial Guinea leader's son https://t.co/uqaTzhL3Z0,0.0,0.0,1.0,0.0
14,@BBCWorld,Mon Sep 17 10:32:54 +0000 2018,14,Typhoon Mangkhut: Miners and families buried by landslide #OmpongPH https://t.co/RPh4E7N03Y,0.0,0.0,1.0,0.0
15,@BBCWorld,Mon Sep 17 10:27:16 +0000 2018,15,"RT @BBCNews: Christine Lagarde: No-deal #Brexit would lead to ""reduced growth, increased deficit, depreciation of the currency""

IMF chief‚Ä¶",0.25,0.201,0.684,0.115
16,@BBCWorld,Mon Sep 17 09:55:24 +0000 2018,16,Nigeria floods kill more than 100 https://t.co/a0QWBf4wtw,-0.6908,0.0,0.561,0.439
17,@BBCWorld,Mon Sep 17 09:54:25 +0000 2018,17,"RT @BBCSteveR: After last week‚Äôs large-scale military manoeuvres across Siberia &amp; the Far East, one Russian newspaper today concludes: ‚ÄúRus‚Ä¶",0.0,0.0,1.0,0.0
18,@BBCWorld,Mon Sep 17 09:53:09 +0000 2018,18,Cuban President Miguel D√≠az-Canel backs same-sex marriage https://t.co/HWBX8Dna3N,-0.0516,0.0,0.854,0.146
19,@BBCWorld,Mon Sep 17 09:50:48 +0000 2018,19,"RT @BBCNews: Christine Lagarde: ""All the likely Brexit scenarios will have costs for the UK economy, and to a lesser extent the EU""

IMF ch‚Ä¶",0.0,0.0,1.0,0.0
20,@BBCWorld,Mon Sep 17 09:24:01 +0000 2018,20,"RT @BBCNews: IMF: No-deal #Brexit would mean ""substantial costs"" for UK economy, and ""to a lesser extent"" EU 

 https://t.co/jCRI2Lzaer",0.2023,0.096,0.904,0.0
21,@BBCWorld,Mon Sep 17 09:18:50 +0000 2018,21,Carrie Underwood: 'I suffered three miscarriages in the last two years' https://t.co/3XKoAAeGSG,-0.4939,0.0,0.775,0.225
22,@BBCWorld,Mon Sep 17 09:18:42 +0000 2018,22,"RT @BBCBreaking: International Monetary Fund warns no-deal #Brexit would inflict ""substantial costs"" on the UK economy https://t.co/qBkhE35‚Ä¶",0.1027,0.099,0.824,0.077
23,@BBCWorld,Mon Sep 17 09:00:55 +0000 2018,23,Egyptian archaeologists find sphinx at Aswan temple https://t.co/63HTf5adGo,0.0,0.0,1.0,0.0
24,@BBCWorld,Mon Sep 17 08:58:19 +0000 2018,24,"RT @BBCNews: Texting at the dinner table? üò†
Phone in the cinema? üò°
Loud music on the train? ü§Ø
https://t.co/QGLX9CrSe2",0.0,0.0,1.0,0.0
25,@BBCWorld,Mon Sep 17 07:33:25 +0000 2018,25,"RT @SallyBundockBBC: In New York it's reported the ""power lunch"" is back so we are asking what is your experience? Do you go for lunch? Do‚Ä¶",0.0,0.0,1.0,0.0
26,@BBCWorld,Mon Sep 17 04:48:25 +0000 2018,26,Storm Florence: Heavy flooding 'cuts off' North Carolina city https://t.co/sg3N3aYKgl,-0.296,0.0,0.804,0.196
27,@BBCWorld,Mon Sep 17 02:15:33 +0000 2018,27,Strawberry needle scare: Australia probe as 'vicious crime' widens https://t.co/75FyKQqAOX,-0.8481,0.0,0.432,0.568
28,@BBCWorld,Mon Sep 17 00:18:45 +0000 2018,28,Typhoon Mangkhut: South China hunkers down for deadly storm https://t.co/vJO07yKZne,0.0,0.0,1.0,0.0
29,@BBCWorld,Mon Sep 17 00:03:39 +0000 2018,29,Why three South African firefighters died from lack of water https://t.co/21NeTAI4xS,-0.7096,0.0,0.604,0.396
30,@BBCWorld,Sun Sep 16 23:22:03 +0000 2018,30,Four things to know for the week ahead https://t.co/TU7C53AEWv,0.0,0.0,1.0,0.0
31,@BBCWorld,Sun Sep 16 22:03:55 +0000 2018,31,Sri Lanka war: I wanted 'my side' to lose https://t.co/EAAbm4jnbX,-0.765,0.0,0.515,0.485
32,@BBCWorld,Sun Sep 16 19:18:32 +0000 2018,32,US top judge accuser reveals ordeal https://t.co/fhvvmltcG2,0.2023,0.231,0.769,0.0
33,@BBCWorld,Sun Sep 16 18:01:48 +0000 2018,33,German treehouse protest dismantled by police https://t.co/KFfXGR3pjp,-0.25,0.0,0.75,0.25
34,@BBCWorld,Sun Sep 16 16:54:37 +0000 2018,34,"RT @BBCNewsbeat: The singer's fashion show featured pregnant models and women from differences races and with a variety of body shapes

htt‚Ä¶",0.0,0.0,1.0,0.0
35,@BBCWorld,Sun Sep 16 15:40:06 +0000 2018,35,"RT @BBCNews: Amazing Grace is 112 today üëèüëèüëè

For the first time she will get to blow out the candles on her birthday cake as the UK's oldes‚Ä¶",0.765,0.202,0.798,0.0
36,@BBCWorld,Sun Sep 16 15:25:47 +0000 2018,36,Massachusetts gas-blast: Residents allowed home after fires and explosions https://t.co/S9vr5BMc5t,0.0,0.0,1.0,0.0
37,@BBCWorld,Sun Sep 16 14:26:33 +0000 2018,37,Macron tells young jobseeker: 'I can find you a job by crossing the road' https://t.co/OpgJCUEXOP,0.0,0.0,1.0,0.0
38,@BBCWorld,Sun Sep 16 14:21:19 +0000 2018,38,"RT @BBCSteveR: I‚Äôve played so much Russian music this week, it‚Äôs having a bizarre effect on everything I play. Here‚Äôs the famous theme tune‚Ä¶",0.3612,0.184,0.728,0.088
39,@BBCWorld,Sun Sep 16 14:07:19 +0000 2018,39,"RT @bbcf1: Lewis Hamilton wins in Singapore!

It's second for Max Verstappen and third for Sebastian Vettel.

Join the reaction here üëâ http‚Ä¶",0.7345,0.236,0.764,0.0
40,@BBCWorld,Sun Sep 16 14:07:18 +0000 2018,40,"Typhoon Mangkhut wreaks havoc on Philippine town 

The BBC's @Howardrjohnson revisits Aparri to take a look at the‚Ä¶ https://t.co/yWyTA31zTW",-0.5994,0.0,0.813,0.187
41,@BBCWorld,Sun Sep 16 13:38:58 +0000 2018,41,Germany migrants: Police investigate attacks on migrants https://t.co/BUYc2dKmU3,-0.4404,0.0,0.707,0.293
42,@BBCWorld,Sun Sep 16 13:07:20 +0000 2018,42,RT @BBCSport: We ‚ù§Ô∏è Vera! https://t.co/4jTELqBPBv,0.0,0.0,1.0,0.0
43,@BBCWorld,Sun Sep 16 12:07:53 +0000 2018,43,"Storm Florence: Worst still to come, authorities warn https://t.co/tnyYF4JKF4",-0.6705,0.0,0.56,0.44
44,@BBCWorld,Sun Sep 16 11:51:54 +0000 2018,44,Sydney's Defqon 1 music festival: Authorities call for ban after two 'drugs deaths' https://t.co/vr4Ueibkuq,-0.1027,0.18,0.618,0.202
45,@BBCWorld,Sun Sep 16 11:17:00 +0000 2018,45,Garda Commissioner Drew Harris condemns threats to officer https://t.co/FkEZkxJwCS,-0.7269,0.0,0.534,0.466
46,@BBCWorld,Sun Sep 16 11:16:11 +0000 2018,46,"RT @bbcworldservice: In parts of Nevada, prostitution is legal - the only such state in the US. But this could be about to change.

More he‚Ä¶",0.128,0.059,0.941,0.0
47,@BBCWorld,Sun Sep 16 10:22:02 +0000 2018,47,"RT @BBCPolitics: ‚ÄúA future PM could always choose to alter the relationship between Britain  and the EU,‚Äù says @michaelgove ‚Äúbut the Cheque‚Ä¶",0.0,0.0,1.0,0.0
48,@BBCWorld,Sun Sep 16 10:21:52 +0000 2018,48,RT @BBCPolitics: ‚ÄúThe British public should have a say on the outcome of the negotiations‚Äù - London Mayor @SadiqKhan calls for second #Brex‚Ä¶,0.0,0.0,1.0,0.0
49,@BBCWorld,Sun Sep 16 10:21:39 +0000 2018,49,RT @BBCPolitics: Environment Secretary @michaelgove talks about Hungarian PM Viktor Orban and the Conservative party #marr https://t.co/2Vj‚Ä¶,0.4019,0.144,0.856,0.0
50,@BBCWorld,Sun Sep 16 09:51:32 +0000 2018,50,RT @BBCPolitics: Author @realBobWoodward makes parallels to President Donald Trump's Russian collusion allegations and former President Ric‚Ä¶,0.0,0.0,1.0,0.0
51,@BBCWorld,Sun Sep 16 09:32:29 +0000 2018,51,Sinn F√©in to announce Liadh N√≠ Riada as presidential candidate https://t.co/TFQQIyOCjg,0.0,0.0,1.0,0.0
52,@BBCWorld,Sun Sep 16 08:12:32 +0000 2018,52,"RT @BBCSteveR: My #RussianMusicWeek ends with ""Only Once"" by Russian composer Boris Fomin (1900-1948). Fomin was arrested in Stalin‚Äôs Great‚Ä¶",-0.4767,0.0,0.86,0.14
53,@BBCWorld,Sun Sep 16 07:22:59 +0000 2018,53,Typhoon Mangkhut: Deadly typhoon takes aim at south China https://t.co/2dXeY7TPXM,0.0,0.0,1.0,0.0
54,@BBCWorld,Sun Sep 16 04:15:33 +0000 2018,54,Pussy Riot's Pyotr Verzilov flown to Germany for treatment https://t.co/JYjRHyQ7bb,0.0,0.0,1.0,0.0
55,@BBCWorld,Sun Sep 16 03:34:50 +0000 2018,55,Storm Florence: 'Epic' amounts of rain unloaded on Carolinas https://t.co/DPePpCrQBr,0.0,0.0,1.0,0.0
56,@BBCWorld,Sun Sep 16 01:20:54 +0000 2018,56,Caribbean Rum resurgence: 'Hellish liquor' to premium product https://t.co/c4c2CYMO8h,-0.6369,0.0,0.656,0.344
57,@BBCWorld,Sun Sep 16 01:10:42 +0000 2018,57,Chinese gambling boom looms over Cambodia's Kampot https://t.co/BA8lRuQK1q,-0.1531,0.0,0.814,0.186
58,@BBCWorld,Sun Sep 16 00:59:18 +0000 2018,58,Deadly 'shark attack' at Massachusetts beach https://t.co/ohzPfGNaq9,-0.4767,0.0,0.659,0.341
59,@BBCWorld,Sun Sep 16 00:43:33 +0000 2018,59,Reality Check: Can ambulances park on yellow lines? https://t.co/9u6enUIUzS,0.0,0.0,1.0,0.0
60,@BBCWorld,Sun Sep 16 00:27:25 +0000 2018,60,Serbia Pride: Gay PM Brnabic 'not wanted' at parade https://t.co/ar3LNFQnrZ,0.34,0.211,0.789,0.0
61,@BBCWorld,Sat Sep 15 23:54:57 +0000 2018,61,Typhoon Mangkhut: Philippines counts cost of deadly typhoon https://t.co/HVfgf9GNy8,0.0,0.0,1.0,0.0
62,@BBCWorld,Sat Sep 15 23:17:35 +0000 2018,62,Uzbekistan: Land of a thousand shrines https://t.co/djmWKrpf0Z,0.0,0.0,1.0,0.0
63,@BBCWorld,Sat Sep 15 21:28:44 +0000 2018,63,US 'serial killer' border agent arrested in Texas https://t.co/qDfwBAOqUA,-0.8126,0.0,0.486,0.514
64,@BBCWorld,Sat Sep 15 20:28:47 +0000 2018,64,Spanish-speaking Taco Bell worker fired for refusing English-speaker https://t.co/TpmJIssQWa,-0.743,0.0,0.526,0.474
65,@BBCWorld,Sat Sep 15 17:36:32 +0000 2018,65,"Typhoon Mangkhut: Surviving the night in Tuguegarao #OmpongPH

https://t.co/POmJoQZXU1",0.296,0.216,0.784,0.0
66,@BBCWorld,Sat Sep 15 17:35:33 +0000 2018,66,RT @bbcweather: Forecast: Twin storms Florence and Mangkhut will bring further rain and strong winds. https://t.co/Oe2EVJc4bK https://t.co/‚Ä¶,0.5106,0.171,0.829,0.0
67,@BBCWorld,Sat Sep 15 17:05:12 +0000 2018,67,"Typhoon Mangkhut causes flooding and landslides in the Philippines 

At least 14 people have been killed in the mas‚Ä¶ https://t.co/qE5pUoTYMk",-0.6705,0.0,0.809,0.191
68,@BBCWorld,Sat Sep 15 16:45:27 +0000 2018,68,Egypt arrests ex-President Mubarak's sons for embezzlement https://t.co/0e4RmGSDbO,-0.4404,0.0,0.707,0.293
69,@BBCWorld,Sat Sep 15 16:12:16 +0000 2018,69,US Coast Guard employee removed for 'white power sign' on air https://t.co/ADM5RYEMKO,0.0,0.0,1.0,0.0
70,@BBCWorld,Sat Sep 15 15:56:48 +0000 2018,70,"RT @BBCSteveR: Oh, the glamorous life of a foreign correspondent. In my Siberian hotel room this week, instead of a shower, there was a ‚Äúbo‚Ä¶",0.5106,0.136,0.864,0.0
71,@BBCWorld,Sat Sep 15 15:54:36 +0000 2018,71,#TropicalStormFlorence: The impact in numbers https://t.co/n7Cg7gynA2,0.0,0.0,1.0,0.0
72,@BBCWorld,Sat Sep 15 15:41:11 +0000 2018,72,"RT @bbcworldservice: Bye, bye, Beetle! https://t.co/WT1W4sh6sV",0.0,0.0,1.0,0.0
73,@BBCWorld,Sat Sep 15 15:36:26 +0000 2018,73,Kemi Adeosun: Nigeria minister resigns over forged certificate https://t.co/vgG48Q8Ut0,-0.3182,0.0,0.777,0.223
74,@BBCWorld,Sat Sep 15 15:35:17 +0000 2018,74,"#TropicalStormFlorence: Seven dead as @FEMA warns of ""catastrophic flooding"" to come https://t.co/BJkEXE5ABl",-0.836,0.0,0.503,0.497
75,@BBCWorld,Sat Sep 15 15:07:17 +0000 2018,75,"This Finnish choir don't sing a note, but they're a scream to watch

[tap to expand]

https://t.co/SedEkfcyCi https://t.co/VOkw87Kq2M",-0.5499,0.0,0.809,0.191
76,@BBCWorld,Sat Sep 15 14:15:25 +0000 2018,76,"RT @BBCSteveR: Check out the giant columns of tanks &amp; APCs at Russia's Vostok manoeuvres: pure muscle-flexing by Moscow. Plus, joint drills‚Ä¶",0.0,0.0,1.0,0.0
77,@BBCWorld,Sat Sep 15 14:06:36 +0000 2018,77,In pictures: Typhoon Mangkhut rips through Philippines https://t.co/VOWmA3foT4,0.0,0.0,1.0,0.0
78,@BBCWorld,Sat Sep 15 13:53:03 +0000 2018,78,"'World's oldest brewery' found in cave in Israel, say researchers https://t.co/O0kzhSLE43",0.0,0.0,1.0,0.0
79,@BBCWorld,Sat Sep 15 13:38:15 +0000 2018,79,"Tropical Storm #Florence ""will produce catastrophic flooding""

@FEMA warns parts of North Carolina could see anothe‚Ä¶ https://t.co/3UtF911JJB",-0.5574,0.0,0.765,0.235
80,@BBCWorld,Sat Sep 15 13:12:18 +0000 2018,80,"Blast off! 

@NASA's #ICESat2 is launched on its mission to measure the condition of Earth's ice cover from space‚Ä¶ https://t.co/3CNXJX1ruA",0.2003,0.086,0.914,0.0
81,@BBCWorld,Sat Sep 15 11:55:05 +0000 2018,81,RT @bbcweather: This satellite picture shows Typhoon Mangkhut as it approached the Phillipines. The storm is over 550 miles wide. https://t‚Ä¶,0.0,0.0,1.0,0.0
82,@BBCWorld,Sat Sep 15 10:37:37 +0000 2018,82,RT @danroan: Exclusive: Wada secretly suggested compromise to Russians in June to bring end to anti-doping agency ban https://t.co/StEMkc93‚Ä¶,-0.4767,0.068,0.769,0.163
83,@BBCWorld,Sat Sep 15 10:20:36 +0000 2018,83,RT @BBCNews: ICESat: Space laser to get unprecedented view of Earth's ice üåéhttps://t.co/tg27lOT9Yt,0.0,0.0,1.0,0.0
84,@BBCWorld,Sat Sep 15 10:16:51 +0000 2018,84,Pope Francis pays homage to Sicilian anti-mafia priest https://t.co/kh188n0m5j,0.0,0.0,1.0,0.0
85,@BBCWorld,Sat Sep 15 10:16:16 +0000 2018,85,RT @bbcworldservice: Could this be what the world's oldest drawing looks like? https://t.co/wgIvXp4lt8,0.3612,0.172,0.828,0.0
86,@BBCWorld,Sat Sep 15 10:04:50 +0000 2018,86,RT @bbcthree: This is truly magical: Sue and her underwater wheelchair. https://t.co/CRXs4SlmvL,0.4404,0.209,0.791,0.0
87,@BBCWorld,Sat Sep 15 10:04:06 +0000 2018,87,"The world's strongest storm this year, Super #Typhoon Mangkhut, hits the Philippines

https://t.co/KSPr5Y289c https://t.co/Ti8e5O0S5Z",0.7783,0.362,0.638,0.0
88,@BBCWorld,Sat Sep 15 09:57:25 +0000 2018,88,RT @danroan: Revealed: how WADA‚Äôs leadership quietly compromised &amp; changed the roadmap for Russian re-compliance back in June. Letter purpo‚Ä¶,0.0,0.0,1.0,0.0
89,@BBCWorld,Sat Sep 15 09:47:39 +0000 2018,89,"RT @bbcweather: Even though Florence has been downgraded to a tropical storm, it is still forecast to bring another 15-20 inches of rain ov‚Ä¶",0.0,0.0,1.0,0.0
90,@BBCWorld,Sat Sep 15 09:25:34 +0000 2018,90,Victoire Ingabire: Rwanda to free jailed opposition leader https://t.co/JAwAfwB28x,0.0258,0.244,0.519,0.237
91,@BBCWorld,Sat Sep 15 09:22:32 +0000 2018,91,"Storm #Florence: Warnings of 'catastrophic' flash flooding

https://t.co/Da1ccSxFU0 https://t.co/fTW2nXZYAc",-0.296,0.0,0.784,0.216
92,@BBCWorld,Sat Sep 15 09:04:10 +0000 2018,92,In pictures: Hurricane #Florence strikes the eastern US https://t.co/zdLMOstnBy,-0.3612,0.0,0.762,0.238
93,@BBCWorld,Sat Sep 15 09:01:08 +0000 2018,93,".@ArianaGrande pays tribute after death of ex-boyfriend @MacMiller, calling him her ""dearest friend"" and the ""kinde‚Ä¶ https://t.co/QR8ymbR8Bz",0.4404,0.275,0.567,0.158
94,@BBCWorld,Sat Sep 15 08:45:02 +0000 2018,94,"First deaths confirmed after #TyphoonMangkhut battered the Philippines

https://t.co/7grTlnQcf8 https://t.co/x8zedU7waB",0.0,0.0,1.0,0.0
95,@BBCWorld,Sat Sep 15 08:37:02 +0000 2018,95,Prickly cactus species 'under threat' https://t.co/9Pwyy15e3m,-0.6486,0.0,0.43,0.57
96,@BBCWorld,Sat Sep 15 08:26:36 +0000 2018,96,"RT @BBCSport: Claims made by Moeen Ali that an Australian player called him 'Osama' during the 2015 Ashes are being investigated. 

Read: h‚Ä¶",0.0,0.0,1.0,0.0
97,@BBCWorld,Sat Sep 15 08:22:54 +0000 2018,97,"RT @bbcweather: Q: What's the difference between a hurricane, typhoon and cyclone? 
(Clue: You may need an atlas.)
https://t.co/ll8x5zDlbt",0.0,0.0,1.0,0.0
98,@BBCWorld,Sat Sep 15 08:21:27 +0000 2018,98,Why Uganda is the 'world's fittest country' https://t.co/wss54qobcP,0.0,0.0,1.0,0.0
99,@BBCWorld,Sat Sep 15 08:19:39 +0000 2018,99,"'It's Prince, thinking aloud on the piano' https://t.co/e8cstyt3NY",0.0,0.0,1.0,0.0
100,@CBSNews,Mon Sep 17 16:16:48 +0000 2018,0,"Gov. Cooper thanks first responders, North Carolinians and the media: ""We've been preparing for and living through‚Ä¶ https://t.co/kVWZBQllmJ",0.4404,0.146,0.854,0.0
101,@CBSNews,Mon Sep 17 16:14:51 +0000 2018,1,"Kavanaugh denies accuser's allegation, says he will ""refute"" it before Senate Judiciary Committee‚Ä¶ https://t.co/TsXYazg6LR",-0.4215,0.0,0.823,0.177
102,@CBSNews,Mon Sep 17 16:13:35 +0000 2018,2,"23 truckloads of food, water and supplies made it into Wilmington this morning. Other communities are being address‚Ä¶ https://t.co/4U5hQsQ97S",0.0,0.0,1.0,0.0
103,@CBSNews,Mon Sep 17 16:11:59 +0000 2018,3,"NC Governor:
- 1,200 road closures, including 356 primary roads 
- More than 484,000 people in North Carolina witho‚Ä¶ https://t.co/XBNqdPcCRh",0.0,0.0,1.0,0.0
104,@CBSNews,Mon Sep 17 16:09:52 +0000 2018,4,"Gov. Cooper: As of this morning, North Carolina has 17 confirmed deaths due to this storm. We mourn the loss of eac‚Ä¶ https://t.co/tI6DoVP69J",-0.6249,0.0,0.805,0.195
105,@CBSNews,Mon Sep 17 16:09:18 +0000 2018,5,WATCH: North Carolina Governor Roy Cooper is giving an update in the aftermath of Florence https://t.co/b5rwLjv2K9 https://t.co/XmAqTum2Nr,0.34,0.13,0.87,0.0
106,@CBSNews,Mon Sep 17 16:00:29 +0000 2018,6,CIRCUS CHAOS: Disturbing video shows an unruly camel charge toward the audience at a Pittsburgh circus as a woman c‚Ä¶ https://t.co/byrG2RTs4t,-0.8286,0.0,0.687,0.313
107,@CBSNews,Mon Sep 17 15:45:30 +0000 2018,7,HURRICANE BABIES: This military couple from North Carolina just gave birth to twin daughters while evacuating Hurri‚Ä¶ https://t.co/8KQs2lyHZI,0.0,0.0,1.0,0.0
108,@CBSNews,Mon Sep 17 15:30:00 +0000 2018,8,Multiple cars reportedly on fire in Brooklyn parking garage https://t.co/BzwA93xib0 https://t.co/ENGrFp8t4U,-0.34,0.0,0.806,0.194
109,@CBSNews,Mon Sep 17 15:14:41 +0000 2018,9,"The whiter the neighborhood, the greater the penalty black renters pay https://t.co/lnHVHXsF56 https://t.co/fdPxdybhhs",-0.2263,0.148,0.592,0.26
110,@CBSNews,Mon Sep 17 15:00:06 +0000 2018,10,"TURN AROUND DON'T DROWN: This driver in Wilmington, NC, tried to plow through floodwaters and soon learned the only‚Ä¶ https://t.co/aLBXtHMrDY",-0.6633,0.0,0.811,0.189
111,@CBSNews,Mon Sep 17 14:44:47 +0000 2018,11,No flood insurance? You can still get help https://t.co/UNNk1ArEal https://t.co/PhFcAAqYiT,0.128,0.209,0.62,0.171
112,@CBSNews,Mon Sep 17 14:16:42 +0000 2018,12,"""She should not be insulted. She should not be ignored."" Kellyanne Conway says woman who accuses Supreme Court nomi‚Ä¶ https://t.co/3qTy8bEY4g",0.5996,0.245,0.661,0.093
113,@CBSNews,Mon Sep 17 14:00:43 +0000 2018,13,"""I shouldn't be out there anymore."" Buffalo Bills defensive back Vontae Davis shocked his team and sports fans afte‚Ä¶ https://t.co/ImVwLyWtdX",-0.296,0.051,0.841,0.107
114,@CBSNews,Mon Sep 17 13:45:46 +0000 2018,14,"DOG RESCUE: 10 beagles were saved from the rising floodwaters in North Carolina, and the Coast Guard says if they g‚Ä¶ https://t.co/9snu8nIkZo",0.7804,0.255,0.745,0.0
115,@CBSNews,Mon Sep 17 13:30:51 +0000 2018,15,"California teen finds purse with $10,000 inside, turns it in to police https://t.co/YkO3uW0DCh https://t.co/YnRhKQTDje",0.0,0.0,1.0,0.0
116,@CBSNews,Mon Sep 17 13:14:35 +0000 2018,16,President Trump's eldest son Donald Trump Jr. appeared to make light of new details of allegations of sexual assaul‚Ä¶ https://t.co/drfmzCptYA,0.0,0.0,1.0,0.0
117,@CBSNews,Mon Sep 17 12:55:37 +0000 2018,17,"""He was screaming and then I saw, like, a shark tail"": Friend describes frantic attempt to save shark attack victim‚Ä¶ https://t.co/ohHNB55kEM",0.0772,0.292,0.426,0.282
118,@CBSNews,Mon Sep 17 12:50:02 +0000 2018,18,"RT @CBSThisMorning: ""Water has been a huge part of my life whether i'm in the pool or out of the pool so it's something that's really impor‚Ä¶",0.3182,0.084,0.916,0.0
119,@CBSNews,Mon Sep 17 12:46:37 +0000 2018,19,"RT @CBSThisMorning: U.S. swimmer @michaelphelps is the most decorated Olympian in history. After a career in the pool, Phelps is now a glob‚Ä¶",0.0,0.0,1.0,0.0
120,@CBSNews,Mon Sep 17 12:44:39 +0000 2018,20,RT @CBSThisMorning: One military couple escaped from Florence just before giving birth. Danielle DiGregorio was nine months pregnant when s‚Ä¶,0.34,0.112,0.888,0.0
121,@CBSNews,Mon Sep 17 12:40:39 +0000 2018,21,"President Trump is moving forward with plans to impose new tariffs on about $200 billion of Chinese imports, while‚Ä¶ https://t.co/Sf2GQexCAS",-0.296,0.0,0.896,0.104
122,@CBSNews,Mon Sep 17 12:30:14 +0000 2018,22,"FATAL SHARK ATTACK:  26-year-old man attacked by shark on Cape Cod, video shows witnesses trying to help‚Ä¶ https://t.co/dSAygCerL5",-0.9015,0.0,0.575,0.425
123,@CBSNews,Mon Sep 17 12:14:04 +0000 2018,23,RT @CBSThisMorning: Rescue helicopters are flying all over the Carolinas to help evacuate flood victims. The Coast Guard says it has rescue‚Ä¶,0.5719,0.22,0.696,0.084
124,@CBSNews,Mon Sep 17 12:09:57 +0000 2018,24,"Debra Katz, the lawyer of Brett Kavanaugh's accuser, says her client is ""willing to do what she needs to do"" before‚Ä¶ https://t.co/XVVpvqfUed",0.0,0.0,1.0,0.0
125,@CBSNews,Mon Sep 17 11:50:35 +0000 2018,25,The House intelligence committee chairman says he plans to release the transcripts of dozens of private interviews‚Ä¶ https://t.co/7TQMhYRk8x,0.4767,0.154,0.846,0.0
126,@CBSNews,Mon Sep 17 11:34:55 +0000 2018,26,Wyoming officials trapped and killed two grizzly bears they believe killed a hunting outfitter and injured his clie‚Ä¶ https://t.co/bOep9o1Oin,-0.9442,0.0,0.481,0.519
127,@CBSNews,Mon Sep 17 11:27:46 +0000 2018,27,"RT @CBSThisMorning: Was your client drinking?

""My client had a beer...The men were stumbling drunk, one only needs to look at the writings‚Ä¶",-0.34,0.0,0.897,0.103
128,@CBSNews,Mon Sep 17 11:22:42 +0000 2018,28,"RT @CBSThisMorning: Would your client be willing to testify under oath? 

""My client will do whatever is necessary to make sure that the Se‚Ä¶",0.3182,0.091,0.909,0.0
129,@CBSNews,Mon Sep 17 11:19:26 +0000 2018,29,"Republicans ""intend to play hard ball"" with Brett Kavanaugh accuser, her lawyer says https://t.co/Lr7hrPiuei https://t.co/Hxw3779vCG",0.25,0.143,0.774,0.083
130,@CBSNews,Mon Sep 17 11:13:33 +0000 2018,30,RT @CBSThisMorning: Flood waters have cut off the coastal city of Wilmington from the rest of North Carolina. Wilmington's rainfall total f‚Ä¶,-0.2732,0.0,0.909,0.091
131,@CBSNews,Mon Sep 17 11:04:43 +0000 2018,31,"""Vicious crime"": An Australian state has offered $71,500  for information after sewing needles were found in strawb‚Ä¶ https://t.co/RX5O1dadpl",-0.3612,0.0,0.872,0.128
132,@CBSNews,Mon Sep 17 10:50:30 +0000 2018,32,AP probe hints at Julian Assange's budding ties with Russia https://t.co/tYTMC0pJgR https://t.co/TJRiYYIiww,0.0,0.0,1.0,0.0
133,@CBSNews,Mon Sep 17 10:46:33 +0000 2018,33,RT @CBSThisMorning: Here's what we're working on this morning: https://t.co/ECcxNQDvoS,0.0,0.0,1.0,0.0
134,@CBSNews,Mon Sep 17 10:34:40 +0000 2018,34,Nevada's Jacky Rosen's new ad shows latest Democratic push for health care in 2018 https://t.co/riqwJSSKBy https://t.co/T91Cuuqp3W,0.4939,0.176,0.824,0.0
135,@CBSNews,Mon Sep 17 10:11:05 +0000 2018,35,Many savers missing out on the HSA's benefits for retirement https://t.co/3VzrunNa85 https://t.co/SEVhWLI9Rb,0.1027,0.176,0.676,0.149
136,@CBSNews,Mon Sep 17 10:03:03 +0000 2018,36,"Democrats call to delay Kavanaugh committee vote, after accuser comes forward https://t.co/Q1njzfwfMO https://t.co/kXmMKD1XLr",-0.3182,0.0,0.839,0.161
137,@CBSNews,Mon Sep 17 10:02:11 +0000 2018,37,Nevada's Jacky Rosen's new ad shows latest Democratic push for health care in 2018 https://t.co/YQIlu13Ekb https://t.co/TRaRDXwgVO,0.4939,0.176,0.824,0.0
138,@CBSNews,Mon Sep 17 09:54:04 +0000 2018,38,Hope fades for Philippines miners buried amid Typhoon Mangkhut devastation https://t.co/lB44kyePS7 https://t.co/wJ7XTr5VEP,0.0258,0.185,0.637,0.178
139,@CBSNews,Mon Sep 17 09:48:03 +0000 2018,39,"Tight races in Missouri, Montana Senate, CBS News poll finds https://t.co/C4rFjoqtqa https://t.co/Wos6I6Kux6",0.0,0.0,1.0,0.0
140,@CBSNews,Mon Sep 17 09:46:04 +0000 2018,40,Commentary: When selection of Supreme Court justice is about everything except judicial qualifications‚Ä¶ https://t.co/LGNRgpdQeN,0.7906,0.368,0.632,0.0
141,@CBSNews,Mon Sep 17 09:40:08 +0000 2018,41,"The whiter the neighborhood, the greater the penalty black renters pay, study shows https://t.co/5DSdSV1JKG https://t.co/g0Cl3uRQc3",-0.2263,0.132,0.635,0.233
142,@CBSNews,Mon Sep 17 09:33:03 +0000 2018,42,"Ariana Grande remembers Mac Miller as ""sweetest soul"" https://t.co/6Ofkh3utVd https://t.co/ATcDjmSbhy",0.0,0.0,1.0,0.0
143,@CBSNews,Mon Sep 17 09:18:03 +0000 2018,43,"Vontae Davis, Buffalo Bills player, abruptly retires at halftime during Los Angeles Chargers game‚Ä¶ https://t.co/HcfFHM85H9",0.0,0.0,1.0,0.0
144,@CBSNews,Mon Sep 17 09:03:03 +0000 2018,44,"Carrie Underwood on getting beyond three miscarriages, to joy https://t.co/6rUryNJtcj https://t.co/gnpBnNU05R",0.5859,0.275,0.725,0.0
145,@CBSNews,Mon Sep 17 08:56:05 +0000 2018,45,Hunt for clues after needles found in supermarket strawberries https://t.co/mZlkiZkR0o https://t.co/z3qsPX0Ukz,0.0,0.0,1.0,0.0
146,@CBSNews,Mon Sep 17 08:48:03 +0000 2018,46,"Lehman Brothers is long gone, but the economic rot lingers https://t.co/tJkFBhbtOA https://t.co/Ez8YEXuH7O",0.0,0.0,1.0,0.0
147,@CBSNews,Mon Sep 17 08:33:03 +0000 2018,47,"Restoring power to Wilmington could take weeks, mayor says https://t.co/uLfn6usGHU https://t.co/BjRGp6z9KK",0.296,0.18,0.82,0.0
148,@CBSNews,Mon Sep 17 08:18:05 +0000 2018,48,"Coast Guard removes employee from Florence duty over alleged ""white power"" gesture https://t.co/pdc4WcjY3O https://t.co/gxsc3VvoNC",0.0,0.0,1.0,0.0
149,@CBSNews,Mon Sep 17 08:03:03 +0000 2018,49,Typhoon Mangkhut pounds south China after killing 64 in Philippines https://t.co/7qklRsySVX https://t.co/PRrXKRNvWC,-0.6597,0.0,0.714,0.286
150,@CBSNews,Mon Sep 17 07:48:03 +0000 2018,50,South Korea's Moon faces tough challenge in 3rd summit with Kim Jong Un https://t.co/FhzTPWd5Vd https://t.co/6SFv3kPrmC,-0.0516,0.082,0.823,0.095
151,@CBSNews,Mon Sep 17 07:33:03 +0000 2018,51,Emmy Awards 2018: How to watch online and on TV https://t.co/nmOn6s1e6O https://t.co/i9w6jJ62jB,0.4588,0.214,0.786,0.0
152,@CBSNews,Mon Sep 17 07:18:03 +0000 2018,52,"Beto O'Rourke, Ted Cruz to hold 3 debates https://t.co/AryOf40K2g https://t.co/XgWLtfjJY6",0.0,0.0,1.0,0.0
153,@CBSNews,Mon Sep 17 07:03:04 +0000 2018,53,David Hockney's pool painting poised to shatter Jeff Koons' auction record https://t.co/Yg78ru8I6V https://t.co/I9f1pdDqzp,0.25,0.143,0.857,0.0
154,@CBSNews,Mon Sep 17 06:48:05 +0000 2018,54,Sen. Lindsey Graham confident Mueller investigation will finish without political interference‚Ä¶ https://t.co/6oYpbj8UdV,0.4939,0.225,0.775,0.0
155,@CBSNews,Mon Sep 17 06:33:03 +0000 2018,55,"Pope Francis tells Sicily's Mafia: ""Quit thinking about yourselves and your money"" https://t.co/rE0ESoRkp6 https://t.co/9iu6NdeTzn",0.0,0.0,1.0,0.0
156,@CBSNews,Mon Sep 17 06:18:04 +0000 2018,56,"FEMA's Brock Long defends Trump, says Puerto Rico death toll studies are ""all over the place""‚Ä¶ https://t.co/aNoS9xGTNZ",-0.5994,0.0,0.804,0.196
157,@CBSNews,Mon Sep 17 06:03:03 +0000 2018,57,GOP lawmaker wants members of Congress to be drug tested https://t.co/p8FnEHUyQd https://t.co/ZRJCbeD0xi,0.0,0.0,1.0,0.0
158,@CBSNews,Mon Sep 17 05:48:02 +0000 2018,58,Bill Geist on the trip of a lifetime https://t.co/oNRRHoJvRu https://t.co/X2BVKnKjSg,0.0,0.0,1.0,0.0
159,@CBSNews,Mon Sep 17 05:33:03 +0000 2018,59,Florence: Inland North Carolina rivers expected to rise to dangerous levels https://t.co/fdoXRJyyrG https://t.co/2qhMtR4Z19,-0.4767,0.0,0.795,0.205
160,@CBSNews,Mon Sep 17 05:18:04 +0000 2018,60,Purr-adise: Hawaii's cat sanctuary https://t.co/6GDEwtKiQ5 https://t.co/Vj9lgvRJDz,0.0,0.0,1.0,0.0
161,@CBSNews,Mon Sep 17 05:03:04 +0000 2018,61,"Sen. Thom Tillis ""shocked"" letter alleging Kavanaugh misconduct didn't come up during testimony‚Ä¶ https://t.co/eRPLwHn4SV",0.0,0.0,1.0,0.0
162,@CBSNews,Mon Sep 17 04:48:02 +0000 2018,62,"A decade since the housing crash, a new story emerges https://t.co/gdNlXwUKJE https://t.co/oV0co3rk1e",-0.4019,0.0,0.769,0.231
163,@CBSNews,Mon Sep 17 04:33:04 +0000 2018,63,"""We're not through this storm"": Florence rescues by air, boat and foot https://t.co/uVpnOO3JjP https://t.co/nVJywiAhKx",0.3182,0.15,0.85,0.0
164,@CBSNews,Mon Sep 17 04:18:04 +0000 2018,64,"Tight races in Missouri, Montana Senate, CBS News poll finds https://t.co/NGPztMGdQb https://t.co/0Z6vSSAUav",0.0,0.0,1.0,0.0
165,@CBSNews,Mon Sep 17 04:08:07 +0000 2018,65,"California teen finds purse with $10,000 inside, turns it in to police https://t.co/Azt1va5erX https://t.co/1FtSCOzT5w",0.0,0.0,1.0,0.0
166,@CBSNews,Mon Sep 17 04:03:03 +0000 2018,66,"Deadly shark attack in Cape Cod, first in over 80 years https://t.co/Bh2Ks0wouj https://t.co/D1FVYZAg38",-0.4767,0.0,0.795,0.205
167,@CBSNews,Mon Sep 17 03:48:03 +0000 2018,67,Woman who wrote letter accusing Brett Kavanaugh of sexual assault steps forward https://t.co/pw71OHErZl https://t.co/5mQCEMUcrk,-0.6705,0.0,0.686,0.314
168,@CBSNews,Mon Sep 17 03:33:04 +0000 2018,68,Passage: End of the road for the VW Beetle https://t.co/lwoeogg3qH https://t.co/7x3QdKPRYP,0.0,0.0,1.0,0.0
169,@CBSNews,Mon Sep 17 03:18:05 +0000 2018,69,"Carrie Underwood on getting beyond three miscarriages, to joy https://t.co/R8trUr6srn https://t.co/xXvU9NrLWc",0.5859,0.275,0.725,0.0
170,@CBSNews,Mon Sep 17 03:03:05 +0000 2018,70,Decorating hallowed ground with street art https://t.co/JxWwaAxvWf https://t.co/DRLZ4bcS4d,0.0,0.0,1.0,0.0
171,@CBSNews,Mon Sep 17 02:40:01 +0000 2018,71,"Democrats call to delay Kavanaugh committee vote, after accuser comes forward https://t.co/2lSeBxpcRv https://t.co/fBn9oSmgxT",-0.3182,0.0,0.839,0.161
172,@CBSNews,Mon Sep 17 02:21:57 +0000 2018,72,Massachusetts residents allowed to return to homes after gas explosions https://t.co/f5bjO79CuG https://t.co/c2NH4qLCPq,0.0,0.0,1.0,0.0
173,@CBSNews,Mon Sep 17 01:49:42 +0000 2018,73,"Gunmen dressed as mariachi musicians kill 4, wound 9 in Mexico City tourist area https://t.co/DoljvGUXC1 https://t.co/IQG4XH4gKK",-0.6908,0.0,0.749,0.251
174,@CBSNews,Mon Sep 17 01:30:06 +0000 2018,74,WATCH: Powerful winds from Typhoon Mangkhut tear the scaffolding off a building in Hong Kong Sunday.‚Ä¶ https://t.co/eOGXEtTfps,0.4215,0.157,0.843,0.0
175,@CBSNews,Mon Sep 17 01:10:00 +0000 2018,75,"Arizona Republican Sen. Jeff Flake says Supreme Court nominee Brett Kavanaugh's accuser ""must be heard"" before comm‚Ä¶ https://t.co/ZoKjNUdAj1",0.5574,0.175,0.825,0.0
176,@CBSNews,Mon Sep 17 00:49:32 +0000 2018,76,"""I shouldn't be out there anymore..."": Buffalo Bills player abruptly retires at halftime during Los Angeles Charger‚Ä¶ https://t.co/MoyRf0DcYl",0.0,0.0,1.0,0.0
177,@CBSNews,Mon Sep 17 00:35:01 +0000 2018,77,A solar observatory in New Mexico is at the center of a mystery after the decision to abruptly vacate and lock up t‚Ä¶ https://t.co/UaOrMlx7yo,0.0,0.0,1.0,0.0
178,@CBSNews,Mon Sep 17 00:00:11 +0000 2018,78,DARING RESCUES: U.S. Coast Guard helicopter crews flew through the rain of Hurricane Florence to rescue dozens of p‚Ä¶ https://t.co/KxzHR37Nru,0.8613,0.36,0.64,0.0
179,@CBSNews,Sun Sep 16 23:39:38 +0000 2018,79,"Border Patrol agent jailed on $2.5M bond in killings of 4 women in Texas, whom investigators believe to be prostitu‚Ä¶ https://t.co/h1Gpgs1apy",-0.8271,0.0,0.7,0.3
180,@CBSNews,Sun Sep 16 23:18:07 +0000 2018,80,"Coast Guard removes employee from Florence duty over alleged ""white power"" gesture https://t.co/7W0MUcBHs4 https://t.co/8gOgvLIMbx",0.0,0.0,1.0,0.0
181,@CBSNews,Sun Sep 16 23:09:51 +0000 2018,81,"Pope Francis tells Sicily's Mafia: ""Quit thinking about yourselves and your money"" https://t.co/AdwRVX5myH https://t.co/3YMtgFBJpV",0.0,0.0,1.0,0.0
182,@CBSNews,Sun Sep 16 23:03:05 +0000 2018,82,"Robert Redford: ""There's only the trying"" https://t.co/oHYqSUyv25 https://t.co/n6tWiCHwTg",0.0,0.0,1.0,0.0
183,@CBSNews,Sun Sep 16 22:49:49 +0000 2018,83,"""Right out of that movie 'Jaws'"": Man dies after shark attack in the water off a Cape Cod beach Saturday, becoming‚Ä¶ https://t.co/syxyZWdQ9E",-0.4767,0.0,0.866,0.134
184,@CBSNews,Sun Sep 16 22:34:42 +0000 2018,84,Samsung's Galaxy Note 9 reportedly catches fire in woman's purse https://t.co/Y7H528RSJe https://t.co/2msslLALJG,-0.34,0.0,0.806,0.194
185,@CBSNews,Sun Sep 16 22:14:36 +0000 2018,85,Hurricane Florence: At least 17 have died in storm-related incidents. Follow live updates here‚Ä¶ https://t.co/uJ2fUA4WdS,-0.5574,0.0,0.795,0.205
186,@CBSNews,Sun Sep 16 21:54:32 +0000 2018,86,Inside MIT's 'Future Factory': A student in MIT‚Äôs Media Lab developed a way to surf the internet with his mind. Fin‚Ä¶ https://t.co/FGde4TzSNt,0.0,0.0,1.0,0.0
187,@CBSNews,Sun Sep 16 21:30:59 +0000 2018,87,"THE FRONTLINES OF FLORENCE: A Jacksonville, North Carolina, resident paddles on an eerie canoe tour through his flo‚Ä¶ https://t.co/gVOEHOHbhL",-0.3612,0.0,0.872,0.128
188,@CBSNews,Sun Sep 16 21:14:02 +0000 2018,88,"Purr-adise: This outdoor cat sanctuary located on the small Hawaiian island of Lanai is home to 600 felines, drawin‚Ä¶ https://t.co/t3bA2Mcv2b",0.0,0.0,1.0,0.0
189,@CBSNews,Sun Sep 16 20:39:30 +0000 2018,89,The Theranos deception: This is how a company with a blood-testing machine that could never perform as touted went‚Ä¶ https://t.co/VrYheVUMh5,-0.4122,0.057,0.798,0.145
190,@CBSNews,Sun Sep 16 20:21:01 +0000 2018,90,"Woman who wrote letter accusing Brett Kavanaugh of sexual assault steps forward, says she feels a ""civic responsibi‚Ä¶ https://t.co/zaUSGjC8G5",-0.6705,0.0,0.744,0.256
191,@CBSNews,Sun Sep 16 19:50:00 +0000 2018,91,"Bill Geist is signing off after 31 years with @CBSSunday. But first, he takes a trip down memory lane‚Ä¶ https://t.co/PurDwP9xw2",0.0,0.0,1.0,0.0
192,@CBSNews,Sun Sep 16 19:29:34 +0000 2018,92,"The NFL Foundation will donate $1 million to Florence relief efforts. ""We hope these funds will provide some measur‚Ä¶ https://t.co/ICU01583bf",0.7184,0.25,0.75,0.0
193,@CBSNews,Sun Sep 16 19:14:43 +0000 2018,93,"Jim Gaffigan tells @CBSSunday about his love for good old-fashioned beers: ""I guess I'm a traditionalist. I don't w‚Ä¶ https://t.co/6ffkJ3EaK6",0.7964,0.307,0.693,0.0
194,@CBSNews,Sun Sep 16 18:56:50 +0000 2018,94,"South Carolina officials say they're ready to respond to all calls about Florence, but remind residents: ""You must‚Ä¶ https://t.co/oRuPvOh8uv",0.1901,0.089,0.911,0.0
195,@CBSNews,Sun Sep 16 18:39:32 +0000 2018,95,Coast Guard removes employee from Florence duty after making alleged white power gesture during televised interview‚Ä¶ https://t.co/XbfUAwd7s2,0.0,0.0,1.0,0.0
196,@CBSNews,Sun Sep 16 18:19:39 +0000 2018,96,".@carrieunderwood tells @CBSSunday she suffered three miscarriages over the past two years, and the emotional toll‚Ä¶ https://t.co/8es49LoorU",-0.3818,0.081,0.758,0.162
197,@CBSNews,Sun Sep 16 17:59:49 +0000 2018,97,Massachusetts residents allowed to return to homes after gas explosions and fires https://t.co/LVCi2XsGeL https://t.co/NyVe6soR6k,0.0,0.0,1.0,0.0
198,@CBSNews,Sun Sep 16 17:39:58 +0000 2018,98,At least 15 deaths have been confirmed from Florence as the Carolinas prepare for major flooding. Follow live updat‚Ä¶ https://t.co/AbGE7HHO7W,0.0,0.0,1.0,0.0
199,@CBSNews,Sun Sep 16 17:19:58 +0000 2018,99,CBS News poll shows that Missouri and Montana will have some of the tightest Senate races in November‚Ä¶ https://t.co/Wug2q6yQJu,0.0,0.0,1.0,0.0
200,@CNN,Mon Sep 17 16:10:03 +0000 2018,0,"If you don't have enough cash to buy a new iPhone with X in its name, you can freshen up your existing device with‚Ä¶ https://t.co/ubHhhdjO1w",0.0,0.0,1.0,0.0
201,@CNN,Mon Sep 17 16:00:14 +0000 2018,1,"""To me, I figured this is the right thing to do"": A teenager found a purse with $10,000 inside and returned it‚Ä¶ https://t.co/JUcdQpiS5x",0.0,0.0,1.0,0.0
202,@CNN,Mon Sep 17 15:50:13 +0000 2018,2,Coca-Cola is considering a move into the growing market for cannabis-infused drinks https://t.co/1LMc58XgDt https://t.co/WYpjZQRSo4,0.1779,0.124,0.876,0.0
203,@CNN,Mon Sep 17 15:40:04 +0000 2018,3,"Nearly 1 in 11 middle and high school students in the US has used cannabis in an e-cigarette, according to a new re‚Ä¶ https://t.co/CGQEAowTaG",0.0,0.0,1.0,0.0
204,@CNN,Mon Sep 17 15:30:00 +0000 2018,4,From roommates to co-CEOs ‚Äì how @cbzakin and @DMWeisberg launched @theskimm on the couch of their NYC apartment and‚Ä¶ https://t.co/y7RgxjAjZV,0.128,0.077,0.923,0.0
205,@CNN,Mon Sep 17 15:20:10 +0000 2018,5,Judge Brett Kavanaugh is at the White House meeting with the White House legal team to prepare for potential interv‚Ä¶ https://t.co/2yXmdBoMjP,0.128,0.07,0.93,0.0
206,@CNN,Mon Sep 17 15:10:06 +0000 2018,6,"Supreme Court nominee Brett Kavanaugh is not opposed to sharing his point of view, answering more questions or prov‚Ä¶ https://t.co/bDUtNboIsW",0.3111,0.15,0.752,0.097
207,@CNN,Mon Sep 17 15:00:02 +0000 2018,7,President Trump is planning to impose a fresh round of tariffs targeting about $200 billion in Chinese goods as ear‚Ä¶ https://t.co/jxdOoymP5B,0.0258,0.102,0.8,0.098
208,@CNN,Mon Sep 17 14:55:00 +0000 2018,8,"In 2019, the last of Volkswagen's famous ""Beetles"" will be rolled off the production line, 80 years after they firs‚Ä¶ https://t.co/yGm6UrSMI4",0.0,0.0,1.0,0.0
209,@CNN,Mon Sep 17 14:50:00 +0000 2018,9,"In her first solo project as a member of the royal family, Meghan, Duchess of Sussex, is supporting a new charity c‚Ä¶ https://t.co/hj6RGd5KKv",0.6908,0.231,0.769,0.0
210,@CNN,Mon Sep 17 14:40:00 +0000 2018,10,"In mid-August, just after sunset, the skies over Amsterdam were lit by a swarm of 300 glowing drones moving through‚Ä¶ https://t.co/NW6gNEq4UH",0.0,0.0,1.0,0.0
211,@CNN,Mon Sep 17 14:33:06 +0000 2018,11,Supreme Court nominee Brett Kavanaugh has released a new statement on the allegation of physical and sexual assault‚Ä¶ https://t.co/OMP7zQm7a8,0.5574,0.175,0.825,0.0
212,@CNN,Mon Sep 17 14:30:00 +0000 2018,12,20 things to eat before you die: https://t.co/Pj421cgKsJ https://t.co/lNO5JdERBK,-0.5994,0.0,0.672,0.328
213,@CNN,Mon Sep 17 14:20:00 +0000 2018,13,"Ever wondered what all those switches, dials and levers do in the cockpit of an airplane? We did too, so we asked a‚Ä¶ https://t.co/bYg8OPJwUV",0.0,0.0,1.0,0.0
214,@CNN,Mon Sep 17 14:10:00 +0000 2018,14,CNN Meteorologist @VanDamCNN tracked Hurricane Florence from start to finish. Here's how the storm unfolded from hi‚Ä¶ https://t.co/DVxStFNq9e,0.0,0.0,1.0,0.0
215,@CNN,Mon Sep 17 14:00:06 +0000 2018,15,"In a rare bipartisan move, the Senate is expected to vote today on legislation aimed at combating the opioid epidem‚Ä¶ https://t.co/qluY14WoRD",0.0,0.0,1.0,0.0
216,@CNN,Mon Sep 17 13:50:29 +0000 2018,16,"This drone video shows a flooded downtown Fayetteville, North Carolina, after Florence dropped more than 16 inches‚Ä¶ https://t.co/QuX7N22kal",0.0,0.0,1.0,0.0
217,@CNN,Mon Sep 17 13:40:42 +0000 2018,17,The Australian government has ordered a federal investigation into the contamination of strawberries with needles a‚Ä¶ https://t.co/S54ufkEkvZ,0.0,0.0,1.0,0.0
218,@CNN,Mon Sep 17 13:24:15 +0000 2018,18,"More than 9,000 US children are injured by infant walkers every year, study finds https://t.co/uuT1HK2QQ8 https://t.co/gD14nU5IW6",-0.4019,0.0,0.847,0.153
219,@CNN,Mon Sep 17 13:17:14 +0000 2018,19,"RT @drsanjaygupta: Do you take a low-dose aspirin every day? A large new study finds, for many healthy older adults, the risks outweigh the‚Ä¶",0.1531,0.109,0.806,0.085
220,@CNN,Mon Sep 17 13:02:17 +0000 2018,20,There have been more than 500 reports of price gouging in North Carolina after Florence https://t.co/mT4hJ3cB69 https://t.co/mwgTnq6Mq8,0.0,0.0,1.0,0.0
221,@CNN,Mon Sep 17 13:01:40 +0000 2018,21,Multi-surface cleaners and other commonly used household disinfectants could be making children overweight by alter‚Ä¶ https://t.co/RG1gdyUAD6,-0.3612,0.0,0.857,0.143
222,@CNN,Mon Sep 17 12:33:12 +0000 2018,22,Scientists believe they have discovered the first examples of air pollution traveling through the bloodstream of pr‚Ä¶ https://t.co/tbSn8NbmNB,0.0,0.0,1.0,0.0
223,@CNN,Mon Sep 17 12:22:51 +0000 2018,23,A supervisory US Border Patrol agent who authorities are calling a serial killer was arrested Saturday in the death‚Ä¶ https://t.co/l4gOpLdal1,-0.8126,0.0,0.684,0.316
224,@CNN,Mon Sep 17 12:08:10 +0000 2018,24,This North Carolina family just lost their home to hurricane flooding for the second time in less than 20 years‚Ä¶ https://t.co/xLZRWW6GUW,-0.3182,0.0,0.897,0.103
225,@CNN,Mon Sep 17 11:47:44 +0000 2018,25,JUST IN: The lawyer for a woman accusing Supreme Court nominee Brett Kavanaugh says her client is willing to testif‚Ä¶ https://t.co/N70ZCkuCAk,0.4404,0.155,0.773,0.073
226,@CNN,Mon Sep 17 11:30:09 +0000 2018,26,They watched their homes get ripped apart and the government struggle to restore water and power. A year after Hurr‚Ä¶ https://t.co/3WLfzNkzLP,-0.0258,0.098,0.8,0.102
227,@CNN,Mon Sep 17 11:20:07 +0000 2018,27,Amazon is investigating allegations that some of its employees have offered to leak confidential information and de‚Ä¶ https://t.co/8Aqu4P28WJ,-0.1779,0.085,0.796,0.119
228,@CNN,Mon Sep 17 11:16:37 +0000 2018,28,"RT @NewDay: WaPo reporter Emma Brown says Kavanaugh accuser first came forward to her ""in early July when Brett Kavanaugh was on the shortl‚Ä¶",0.0,0.0,1.0,0.0
229,@CNN,Mon Sep 17 11:10:00 +0000 2018,29,CNN Meteorologist @VanDamCNN tracked Hurricane Florence from start to finish. Here's how the storm unfolded from hi‚Ä¶ https://t.co/H0Ot6X6ol1,0.0,0.0,1.0,0.0
230,@CNN,Mon Sep 17 11:00:10 +0000 2018,30,"5 things for Monday:

- Hurricane Florence
- Brett Kavanaugh
- Typhoon Mangkhut
- Fan Bingbing
- The Vatican‚Ä¶ https://t.co/YHowPPVqoL",0.3182,0.15,0.85,0.0
231,@CNN,Mon Sep 17 10:50:04 +0000 2018,31,"More than 9,000 US children are injured by infant walkers every year, study finds https://t.co/jkmYJzueED https://t.co/SKo4YjcWiM",-0.4019,0.0,0.847,0.153
232,@CNN,Mon Sep 17 10:40:03 +0000 2018,32,Multi-surface cleaners and other commonly used household disinfectants could be making children overweight by alter‚Ä¶ https://t.co/XxiizBAu8e,-0.3612,0.0,0.857,0.143
233,@CNN,Mon Sep 17 10:32:05 +0000 2018,33,Supreme Court nominee Brett Kavanaugh is facing accusations that echo Anita Hill's 1991 sexual harassment claims ab‚Ä¶ https://t.co/wmM0ANwLI9,-0.296,0.148,0.615,0.238
234,@CNN,Mon Sep 17 10:30:09 +0000 2018,34,The Australian government has ordered a federal investigation into the contamination of strawberries with needles a‚Ä¶ https://t.co/9JI5lo6vAH,0.0,0.0,1.0,0.0
235,@CNN,Mon Sep 17 10:20:08 +0000 2018,35,"In a rare bipartisan move, the Senate is expected to vote today on legislation aimed at combating the opioid epidem‚Ä¶ https://t.co/jeGkM6nhpn",0.0,0.0,1.0,0.0
236,@CNN,Mon Sep 17 10:18:06 +0000 2018,36,This North Carolina family just lost their home to hurricane flooding for the second time in less than 20 years‚Ä¶ https://t.co/gEtTEGSxvt,-0.3182,0.0,0.897,0.103
237,@CNN,Mon Sep 17 10:10:13 +0000 2018,37,Three options that could await House Democrats after the midterms https://t.co/QPc0pfOhDv https://t.co/Vydv9yUFfc,0.1027,0.113,0.887,0.0
238,@CNN,Mon Sep 17 10:00:46 +0000 2018,38,This isn't just another Greek island. The secluded destination of Patmos is where St. John had visions that inspire‚Ä¶ https://t.co/PWtdGX5ODN,0.2263,0.091,0.909,0.0
239,@CNN,Mon Sep 17 09:49:53 +0000 2018,39,The Australian government has ordered a federal investigation into the contamination of strawberries with needles a‚Ä¶ https://t.co/aHQvx6ABzy,0.0,0.0,1.0,0.0
240,@CNN,Mon Sep 17 09:38:53 +0000 2018,40,"Household disinfectants could be making kids overweight, a new study says https://t.co/KTE1YzELRy https://t.co/Jz14lQOBrs",-0.3612,0.0,0.815,0.185
241,@CNN,Mon Sep 17 09:30:30 +0000 2018,41,Meghan Markle is championing a new cookbook showcasing recipes from women whose community was affected by the Grenf‚Ä¶ https://t.co/sHuNvH9KLA,0.296,0.137,0.784,0.078
242,@CNN,Mon Sep 17 09:23:11 +0000 2018,42,"Ever wondered what all those switches, dials and levers do in the cockpit of an airplane?

We did too, so we asked‚Ä¶ https://t.co/2fbCFgo0Es",0.0,0.0,1.0,0.0
243,@CNN,Mon Sep 17 09:18:10 +0000 2018,43,"The strongest hurricanes are called Category 5. But with the strong storms we've seen in the past few days, and the‚Ä¶ https://t.co/sGuqTk8pRP",0.7351,0.237,0.763,0.0
244,@CNN,Mon Sep 17 09:03:57 +0000 2018,44,"The Cuban president denies his country had any involvement in ""sonic"" attacks against US diplomats in the country‚Ä¶ https://t.co/6DVzdeV8aD",-0.6908,0.0,0.749,0.251
245,@CNN,Mon Sep 17 08:41:00 +0000 2018,45,"More than 24 hours after Typhoon Mangkhut slammed into the Philippines, the full extent of the damage has still yet‚Ä¶ https://t.co/63dS3qlJnL",-0.4939,0.0,0.862,0.138
246,@CNN,Mon Sep 17 08:18:28 +0000 2018,46,This is the first formal resignation the Pope has decreed since every bishop in Chile offered to step down in May o‚Ä¶ https://t.co/kDVXCAkU7s,-0.296,0.0,0.909,0.091
247,@CNN,Mon Sep 17 08:10:17 +0000 2018,47,"Pope Francis has expelled Reverend Cristian Precht Ba√±ados of Chile, according to a statement from the Archdiocese‚Ä¶ https://t.co/WC0DeMZXV4",-0.25,0.0,0.889,0.111
248,@CNN,Mon Sep 17 07:47:05 +0000 2018,48,More than 3 million people have been moved to safety in southern China as Typhoon Mangkhut moved northwards and con‚Ä¶ https://t.co/YO7qhXPgOA,0.4215,0.128,0.872,0.0
249,@CNN,Mon Sep 17 07:37:07 +0000 2018,49,Amazon is investigating allegations that some of its employees have offered to leak confidential information and de‚Ä¶ https://t.co/Ia80SVg4CG,-0.1779,0.085,0.796,0.119
250,@CNN,Mon Sep 17 07:15:32 +0000 2018,50,US sanctions are China's big concern right now | By Samantha Vinograd via @CNNopinion  https://t.co/QH0a0BCysw https://t.co/4APc0cMhef,0.0,0.0,1.0,0.0
251,@CNN,Mon Sep 17 06:59:30 +0000 2018,51,The power of a named accuser: Kavanaugh's future now hangs in the balance | Analysis by @StCollinson‚Ä¶ https://t.co/sLAvd4pgVA,0.0,0.0,1.0,0.0
252,@CNN,Mon Sep 17 06:44:02 +0000 2018,52,What's actually the difference between a typhoon and a hurricane? @CNNweather explains: https://t.co/iieczoxZdc https://t.co/qgWKiMBSy6,0.0,0.0,1.0,0.0
253,@CNN,Mon Sep 17 06:24:05 +0000 2018,53,"""As of now, we are still looking for the 36 still missing individuals that are still unverified."" 

Dozens of peopl‚Ä¶ https://t.co/oNmkejIHK1",-0.296,0.0,0.901,0.099
254,@CNN,Mon Sep 17 06:05:36 +0000 2018,54,"Eliud Kipchoge set a new marathon world record, winning the Berlin race in 2 hours, 1 minute and 39 seconds‚Ä¶ https://t.co/MHX4lCYrID",0.5267,0.167,0.833,0.0
255,@CNN,Mon Sep 17 05:40:04 +0000 2018,55,"Typhoon Mangkhut, the world's strongest storm this year, has been carving a destructive and deadly path from the Ph‚Ä¶ https://t.co/leze6XXTPo",-0.2732,0.121,0.711,0.167
256,@CNN,Mon Sep 17 05:17:30 +0000 2018,56,Multi-surface cleaners and other commonly used household disinfectants could be making children overweight by alter‚Ä¶ https://t.co/5hEKnLbXTS,-0.3612,0.0,0.857,0.143
257,@CNN,Mon Sep 17 05:17:07 +0000 2018,57,Two Republican senators say the Senate Judiciary Committee should not vote on Brett Kavanaugh's Supreme Court nomin‚Ä¶ https://t.co/lrPDxlTBgG,0.5574,0.175,0.825,0.0
258,@CNN,Mon Sep 17 05:08:02 +0000 2018,58,"""My husband kept hearing people yelling for help."" He tried to go outside to find them, but even at 6-foot-2, the w‚Ä¶ https://t.co/hnFRfAHjUS",0.0,0.0,1.0,0.0
259,@CNN,Mon Sep 17 04:57:57 +0000 2018,59,Florence has unleashed a dangerous mix of wind and rain on the Carolinas. Officials say that despite the storm weak‚Ä¶ https://t.co/D5neH0dL2F,-0.4767,0.0,0.86,0.14
260,@CNN,Mon Sep 17 04:48:05 +0000 2018,60,Read the letter Christine Blasey Ford sent accusing Brett Kavanaugh of sexual misconduct https://t.co/roP3ZzAlWn,-0.1779,0.0,0.884,0.116
261,@CNN,Mon Sep 17 04:43:53 +0000 2018,61,New York Democrat Alexandria Ocasio-Cortez says the government failure during Hurricane Maria is part of a systemic‚Ä¶ https://t.co/HSEBUs2X6k,-0.5106,0.0,0.829,0.171
262,@CNN,Mon Sep 17 04:29:05 +0000 2018,62,Hurricane baby is born after parents flee North Carolina https://t.co/LlMBK9c7jV https://t.co/Xzd41WuH75,0.0,0.0,1.0,0.0
263,@CNN,Mon Sep 17 04:19:05 +0000 2018,63,A North Carolina family's home is destroyed for the second time in less than 20 years due to hurricane flooding https://t.co/T8SomjZcEl,-0.4939,0.0,0.856,0.144
264,@CNN,Mon Sep 17 04:09:05 +0000 2018,64,"A woman accusing Judge Brett Kavanaugh of sexual misconduct more than 30 years ago came forward publicly Sunday, de‚Ä¶ https://t.co/ol5UGvXeo3",-0.1779,0.0,0.914,0.086
265,@CNN,Mon Sep 17 04:00:09 +0000 2018,65,First responders paused for a break between rescues as Florence continued to dump rain on the Southeast US. (Photos‚Ä¶ https://t.co/cEt4YoGSdj,-0.0772,0.105,0.776,0.119
266,@CNN,Mon Sep 17 03:59:05 +0000 2018,66,US sanctions are China's big concern right now | By Samantha Vinograd via @CNNopinion  https://t.co/1CWdDbqSKd https://t.co/YAGckKIfYW,0.0,0.0,1.0,0.0
267,@CNN,Mon Sep 17 03:42:30 +0000 2018,67,"Ken Starr, the former independent counsel during the investigation of President Bill Clinton, says it would be ‚Äúunw‚Ä¶ https://t.co/yvutqg9aaQ",0.0,0.0,1.0,0.0
268,@CNN,Mon Sep 17 03:28:21 +0000 2018,68,"In 2019, the last of Volkswagen's famous ""Beetles"" will be rolled off the production line, 80 years after they firs‚Ä¶ https://t.co/TajnK76KW3",0.0,0.0,1.0,0.0
269,@CNN,Mon Sep 17 03:21:32 +0000 2018,69,These are the staggering numbers behind Florence's wrath https://t.co/tAyBgrTVD7 https://t.co/1IqN0QMrmf,0.0,0.0,1.0,0.0
270,@CNN,Mon Sep 17 03:13:03 +0000 2018,70,"Florence's merciless deluge has already killed 18, trapped hundreds and made parts of North and South Carolina impa‚Ä¶ https://t.co/z0LTlcPas0",-0.836,0.0,0.683,0.317
271,@CNN,Mon Sep 17 03:06:03 +0000 2018,71,Supreme Court nominee Brett Kavanaugh is facing accusations that echo Anita Hill's 1991 sexual harassment claims ab‚Ä¶ https://t.co/DO9tfS8icI,-0.296,0.148,0.615,0.238
272,@CNN,Mon Sep 17 03:00:54 +0000 2018,72,A US Border Patrol agent whom authorities are calling a serial killer was arrested in the deaths of four people aft‚Ä¶ https://t.co/D4a0qKYI0a,-0.8126,0.0,0.709,0.291
273,@CNN,Mon Sep 17 02:58:01 +0000 2018,73,An ICE deportation officer was arrested on multiple counts of sodomy and one count of incest last week https://t.co/z6RchiLZCo,-0.4767,0.0,0.853,0.147
274,@CNN,Mon Sep 17 02:49:37 +0000 2018,74,Salesforce CEO Marc Benioff and his wife Lynne Benioff are buying Time Magazine for $190 million from Meredith Corp https://t.co/epJ8tzzqiO,0.0,0.0,1.0,0.0
275,@CNN,Mon Sep 17 02:12:09 +0000 2018,75,Two Republican senators say the Senate Judiciary Committee should not vote on Brett Kavanaugh's Supreme Court nomin‚Ä¶ https://t.co/zaOxnGa7vu,0.5574,0.175,0.825,0.0
276,@CNN,Mon Sep 17 02:00:16 +0000 2018,76,"""The Americans,"" ""Barry"" and others that should win Emmys, but probably won't https://t.co/dycJW8VX8O https://t.co/b9VjWwbPCb",0.34,0.156,0.844,0.0
277,@CNN,Mon Sep 17 01:30:11 +0000 2018,77,Three Massachusetts cities are nearing a critical first step of recovery‚Äîensuring homes are safe and have power‚Äîaft‚Ä¶ https://t.co/xthK0gBJNB,0.1531,0.144,0.743,0.114
278,@CNN,Mon Sep 17 01:00:09 +0000 2018,78,What's actually the difference between a typhoon and a hurricane? @CNNweather explains: https://t.co/rsk5xSc4OW https://t.co/DbIZnKMc1K,0.0,0.0,1.0,0.0
279,@CNN,Mon Sep 17 00:30:09 +0000 2018,79,"""My husband kept hearing people yelling for help."" He tried to go outside to find them, but even at 6-foot-2, the w‚Ä¶ https://t.co/4DbXGTyYo2",0.0,0.0,1.0,0.0
280,@CNN,Mon Sep 17 00:00:10 +0000 2018,80,An Australian state is offering a reward for information after several people reported finding sewing needles or pi‚Ä¶ https://t.co/JkNjxO9N9s,0.5719,0.179,0.821,0.0
281,@CNN,Sun Sep 16 23:32:19 +0000 2018,81,Florence has unleashed a dangerous mix of wind and rain on the Carolinas. Officials say that despite the storm weak‚Ä¶ https://t.co/tqLvluq4v3,-0.4767,0.0,0.86,0.14
282,@CNN,Sun Sep 16 23:29:03 +0000 2018,82,Salesforce CEO Marc Benioff and his wife Lynne Benioff are buying Time Magazine for $190 million from Meredith Corp. https://t.co/d5HLKjJwjh,0.0,0.0,1.0,0.0
283,@CNN,Sun Sep 16 23:00:03 +0000 2018,83,The mother of Botham Shem Jean says her son has become the target of a smear campaign since an off-duty Dallas poli‚Ä¶ https://t.co/1LLOdM5rcU,-0.3612,0.0,0.894,0.106
284,@CNN,Sun Sep 16 23:00:00 +0000 2018,84,"The new Apple Watch touts a built-in, FDA-approved EKG sensor to test your heart https://t.co/sl4m4dOneD https://t.co/NyBiHaSbO0",-0.0258,0.0,0.927,0.073
285,@CNN,Sun Sep 16 22:45:05 +0000 2018,85,Read the letter Christine Blasey Ford sent accusing Brett Kavanaugh of sexual misconduct https://t.co/cifAF1fXBI,-0.1779,0.0,0.884,0.116
286,@CNN,Sun Sep 16 22:31:11 +0000 2018,86,Typhoon Mangkhut lashes Hong Kong in this timelapse video from the south of Hong Kong Island https://t.co/TmsWa1lT0m https://t.co/g91RdsJecr,0.0,0.0,1.0,0.0
287,@CNN,Sun Sep 16 22:00:10 +0000 2018,87,Democrats called for the Senate Judiciary Committee to delay its planned vote on Brett Kavanaugh's nomination for t‚Ä¶ https://t.co/dUiOm1Uq6c,-0.3182,0.0,0.887,0.113
288,@CNN,Sun Sep 16 21:31:08 +0000 2018,88,First responders paused for a break between rescues as Florence continued to dump rain on the Southeast US. (Photos‚Ä¶ https://t.co/4BwrvtDLJu,-0.0772,0.105,0.776,0.119
289,@CNN,Sun Sep 16 21:15:59 +0000 2018,89,A US Border Patrol agent whom authorities are calling a serial killer was arrested in the deaths of four people aft‚Ä¶ https://t.co/hADaiP4w3x,-0.8126,0.0,0.709,0.291
290,@CNN,Sun Sep 16 21:01:12 +0000 2018,90,New York Democrat Alexandria Ocasio-Cortez says the government failure during Hurricane Maria is part of a systemic‚Ä¶ https://t.co/pHwIp10WJs,-0.5106,0.0,0.829,0.171
291,@CNN,Sun Sep 16 20:45:01 +0000 2018,91,Hurricane baby is born after parents flee North Carolina https://t.co/zjFJkyNlRY https://t.co/tnkd3MCZn7,0.0,0.0,1.0,0.0
292,@CNN,Sun Sep 16 20:29:01 +0000 2018,92,A North Carolina family's home is destroyed for the second time in less than 20 years due to hurricane flooding https://t.co/sYM7ZdYYd5,-0.4939,0.0,0.856,0.144
293,@CNN,Sun Sep 16 20:00:09 +0000 2018,93,"Eliud Kipchoge set a new marathon world record, winning the Berlin race in 2 hours, 1 minute and 39 seconds‚Ä¶ https://t.co/Uv9E2IZDuv",0.5267,0.167,0.833,0.0
294,@CNN,Sun Sep 16 19:36:04 +0000 2018,94,"A woman accusing Judge Brett Kavanaugh of sexual misconduct more than 30 years ago came forward publicly Sunday, de‚Ä¶ https://t.co/JP7R1beDIZ",-0.1779,0.0,0.914,0.086
295,@CNN,Sun Sep 16 19:18:04 +0000 2018,95,Democrats are targeting black voters in the battleground state of Ohio as key to victory in a state they lost to Tr‚Ä¶ https://t.co/m14y1RKOPw,-0.6124,0.0,0.8,0.2
296,@CNN,Sun Sep 16 19:01:12 +0000 2018,96,"Drone footage captures severe flooding in Lumberton, North Carolina. 

State officials said Sunday that Florence's‚Ä¶ https://t.co/aclnEmumPc",-0.3818,0.0,0.852,0.148
297,@CNN,Sun Sep 16 18:30:00 +0000 2018,97,"""Through my nightmare, I found my dream."" 

John Bunn was wrongfully convicted of murder as a teenager and exonerat‚Ä¶ https://t.co/cQxb8gJvWu",-0.6908,0.0,0.783,0.217
298,@CNN,Sun Sep 16 18:18:18 +0000 2018,98,Scientists believe they have discovered three new species in the depths of the Pacific Ocean https://t.co/cDMjbVdeDG https://t.co/RTmbTZrOzG,0.0,0.0,1.0,0.0
299,@CNN,Sun Sep 16 18:02:10 +0000 2018,99,"A group of firefighters in Wilmington, North Carolina, knelt and prayed outside the home where a mother and her inf‚Ä¶ https://t.co/0KyrZJu7Dm",0.0,0.0,1.0,0.0
300,@FoxNews,Mon Sep 17 16:15:00 +0000 2018,0,'Who's Kneeling for Him?': Former Cop Reacts After 36th Shooting Death of US Police Officer https://t.co/2g7lLNXilI,-0.5994,0.0,0.794,0.206
301,@FoxNews,Mon Sep 17 16:06:23 +0000 2018,1,North Carolina Governor Roy Cooper holds a briefing on Florence. https://t.co/Wf460VGDzh (Courtesy: WTVD)  https://t.co/z9mosdDNqi,0.0,0.0,1.0,0.0
302,@FoxNews,Mon Sep 17 16:00:03 +0000 2018,2,The U.S. Constitution turns 231 today https://t.co/LUY1ta3TpT,0.0,0.0,1.0,0.0
303,@FoxNews,Mon Sep 17 15:52:00 +0000 2018,3,Waters closed following Cape Cod shark attack; beach manager says people will need to use 'common sense' after fata‚Ä¶ https://t.co/NYw3ZNjNUP,-0.4767,0.0,0.86,0.14
304,@FoxNews,Mon Sep 17 15:45:00 +0000 2018,4,Parking lesson ends with car in swimming pool https://t.co/s65bEPzUiv,0.0,0.0,1.0,0.0
305,@FoxNews,Mon Sep 17 15:30:01 +0000 2018,5,Doctors push ban on baby walkers https://t.co/0k5p57Msv5,-0.5574,0.0,0.625,0.375
306,@FoxNews,Mon Sep 17 15:19:25 +0000 2018,6,"RT @FoxBusiness: .@SecretaryZinke: ""We've unwound maybe 22 regulations for every one we put in."" https://t.co/sbhRIwBoN4",0.0,0.0,1.0,0.0
307,@FoxNews,Mon Sep 17 15:18:32 +0000 2018,7,"RT @FoxBusiness: .@SecretaryZinke on #Florence recovery efforts: ""We're out there doing search and rescue, and the first responders are doi‚Ä¶",0.5106,0.148,0.852,0.0
308,@FoxNews,Mon Sep 17 15:15:00 +0000 2018,8,"Gen Jack Keane (Ret): ‚ÄúWe‚Äôve got very good, competent local leaders, and if you don‚Äôt have that, you‚Äôre going to ha‚Ä¶ https://t.co/QOWJGy2TeQ",0.6976,0.224,0.776,0.0
309,@FoxNews,Mon Sep 17 15:10:00 +0000 2018,9,Bill Saffo: ‚ÄúWe are an island amongst ourselves right now.‚Äù @AmericaNewsroom https://t.co/wfpfvZ6wXs,0.0,0.0,1.0,0.0
310,@FoxNews,Mon Sep 17 15:05:00 +0000 2018,10,"Comedian Rachel Feinstein talks marrying FDNY captain, why she chose Amy Schumer to be her maid of honor https://t.co/wdtKSj8Hlp",0.7003,0.254,0.746,0.0
311,@FoxNews,Mon Sep 17 14:55:00 +0000 2018,11,.@judgenap: Get Ready for Another Version of Clarence Thomas-Anita Hill Hearings https://t.co/wwHmDmRega,0.3612,0.185,0.815,0.0
312,@FoxNews,Mon Sep 17 14:35:00 +0000 2018,12,Asia Argento tweets threat to sue Rose McGowan over statement on Jimmy Bennett sex assault case https://t.co/7rKrxjHDnn,-0.802,0.0,0.676,0.324
313,@FoxNews,Mon Sep 17 14:27:22 +0000 2018,13,Breaking News: Brett Kavanaugh dismisses sexual assault allegations as ‚Äòcompletely false‚Äô https://t.co/oVJjwlo18h,-0.5859,0.0,0.743,0.257
314,@FoxNews,Mon Sep 17 14:22:25 +0000 2018,14,"RT @FoxBusiness: RECALL ALERT: GM recalls trucks, SUVs for brake problem https://t.co/PPW13BbkxG",0.0601,0.188,0.64,0.173
315,@FoxNews,Mon Sep 17 14:15:00 +0000 2018,15,Kavanaugh accuser says she‚Äôs willing to testify; @pdoocy reports https://t.co/pQAEsW7YaN @AmericaNewsroom https://t.co/LNzo2SE6GM,0.0,0.0,1.0,0.0
316,@FoxNews,Mon Sep 17 14:00:02 +0000 2018,16,Vincent Hill on @foxandfriends: ‚ÄúEnough is enough.‚Äù https://t.co/45TjAh2FFK https://t.co/Bw95P54I09,0.0,0.0,1.0,0.0
317,@FoxNews,Mon Sep 17 13:53:32 +0000 2018,17,Attorney General Jeff Sessions delivers remarks at the Justice Department's Forum on Free Speech in Higher Educatio‚Ä¶ https://t.co/XclfXxEU30,0.7717,0.295,0.705,0.0
318,@FoxNews,Mon Sep 17 13:50:23 +0000 2018,18,"RT @FoxNewsResearch: Florence Flood Threat:
‚Ä¢Wilmington, NC cut off by flood waters
‚Ä¢Seven rivers in NC could reach major flooding levels‚Ä¶",-0.6597,0.045,0.732,0.224
319,@FoxNews,Mon Sep 17 13:48:06 +0000 2018,19,"RT @FoxBusiness: Americans prefer cash over credit for small purchases
https://t.co/gcyNX49Y5q",0.3818,0.206,0.794,0.0
320,@FoxNews,Mon Sep 17 13:45:00 +0000 2018,20,"Animals rescued from Florence floodwaters, after pets left behind or forgotten https://t.co/m7Gk0W42Cy",0.2263,0.19,0.68,0.129
321,@FoxNews,Mon Sep 17 13:37:29 +0000 2018,21,RT @FoxBusiness: #StockAlert: Stocks at the open https://t.co/4pvdWixXUG https://t.co/JtgtjLCDJ2,0.0,0.0,1.0,0.0
322,@FoxNews,Mon Sep 17 13:25:00 +0000 2018,22,Officers killed in the line of duty in 2018 https://t.co/h3SOzDNsIr,-0.6705,0.0,0.667,0.333
323,@FoxNews,Mon Sep 17 13:10:00 +0000 2018,23,.@KellyannePolls: ‚ÄúWe know that this takes an awful lot of time beyond the initial devastation and the resources ar‚Ä¶ https://t.co/ARw2g7ZSm3,-0.7003,0.0,0.756,0.244
324,@FoxNews,Mon Sep 17 13:01:00 +0000 2018,24,".@robertwolf32: ""I think that they did the right thing closing the market because it would've been a run on the ban‚Ä¶ https://t.co/cU2XU1pu8x",0.0,0.0,1.0,0.0
325,@FoxNews,Mon Sep 17 12:56:25 +0000 2018,25,"Brett Kavanaugh accuser should be heard, 'testify under oath' on allegations, White House Counselor Kellyanne Conwa‚Ä¶ https://t.co/lfmDesCQge",0.0,0.0,1.0,0.0
326,@FoxNews,Mon Sep 17 12:50:00 +0000 2018,26,"Keith Whittington: ""We need to understand the principles under which the Constitution operates."" @foxandfriends https://t.co/GcBnUjvHPP",0.0,0.0,1.0,0.0
327,@FoxNews,Mon Sep 17 12:40:00 +0000 2018,27,".@judgenap: ‚ÄúLaw enforcement would view it very, very skeptically because of the passage of time of 35 years.‚Äù‚Ä¶ https://t.co/VKCgzE3Urs",-0.4159,0.0,0.867,0.133
328,@FoxNews,Mon Sep 17 12:35:00 +0000 2018,28,.@KellyannePolls reacts to claims made by Kavanaugh accuser  @foxandfriends https://t.co/90r2IyBbDF https://t.co/FQEoaROnlY,0.0,0.0,1.0,0.0
329,@FoxNews,Mon Sep 17 12:30:00 +0000 2018,29,"OPINION: As midterm elections approach, Republicans must do this https://t.co/FPOywlYN12",0.0,0.0,1.0,0.0
330,@FoxNews,Mon Sep 17 12:26:02 +0000 2018,30,Members of the North Carolina Task Force urban search and rescue team wade through a flooded neighborhood looking f‚Ä¶ https://t.co/gY1k8KRebb,0.5106,0.155,0.845,0.0
331,@FoxNews,Mon Sep 17 12:24:59 +0000 2018,31,RT @FoxBusiness: Markets since last week: https://t.co/GLIyVaH5to,0.0,0.0,1.0,0.0
332,@FoxNews,Mon Sep 17 12:10:00 +0000 2018,32,Hundreds trapped as Florence slams Carolinas; @GriffJenkins reports https://t.co/Wf460VGDzh @foxandfriends https://t.co/HpsuG7u0KQ,-0.5267,0.0,0.746,0.254
333,@FoxNews,Mon Sep 17 12:00:00 +0000 2018,33,The U.S. Constitution turns 231 today https://t.co/gGr2lvTlxD,0.0,0.0,1.0,0.0
334,@FoxNews,Mon Sep 17 11:50:00 +0000 2018,34,.@JaniceDean gives an update on Florence https://t.co/Wf460Vp2aH @foxandfriends https://t.co/cYK7IZngEN,0.0,0.0,1.0,0.0
335,@FoxNews,Mon Sep 17 11:40:00 +0000 2018,35,".@dbongino: ‚ÄúThey go to work knowing every day it could be their last time‚Ä¶but they don‚Äôt think about that, they ju‚Ä¶ https://t.co/dPqh3y5oLV",0.0,0.0,1.0,0.0
336,@FoxNews,Mon Sep 17 11:30:00 +0000 2018,36,OPINION: Trump could still get the Nobel Peace Prize for North Korean denuclearization ‚Äì Here‚Äôs how https://t.co/9i4ESarhDN,0.7783,0.327,0.673,0.0
337,@FoxNews,Mon Sep 17 11:00:01 +0000 2018,37,Strzok-Page texts calling to 'open' case in 'chargeable way' under fresh scrutiny https://t.co/qqSysBS6HN,0.3182,0.161,0.839,0.0
338,@FoxNews,Mon Sep 17 10:45:55 +0000 2018,38,OPINION: 'C' is for Constitution: Our kids don't know much about America's founding ‚Äì It's time we start teaching t‚Ä¶ https://t.co/FQFkspu3uO,0.0,0.0,1.0,0.0
339,@FoxNews,Mon Sep 17 10:25:10 +0000 2018,39,Buffalo Bills' Vontae Davis retires at halftime of game https://t.co/grvgBPVNOa,0.0,0.0,1.0,0.0
340,@FoxNews,Mon Sep 17 10:17:13 +0000 2018,40,New Mexico observatory set to reopen after temporary closure over undisclosed security issue https://t.co/m6lomSSLZJ,0.34,0.156,0.844,0.0
341,@FoxNews,Mon Sep 17 10:10:24 +0000 2018,41,.@CarleyShimkus is live with the ‚ÄòFox News Update‚Äô on Facebook Watch: https://t.co/hNrB8xzepH https://t.co/SnzXI8n7QE,0.0,0.0,1.0,0.0
342,@FoxNews,Mon Sep 17 10:03:56 +0000 2018,42,Texas Board of Ed votes to pull Hillary Clinton and Helen Keller from social studies curriculum‚Ä¶ https://t.co/AoDvqJz0MR,0.0,0.0,1.0,0.0
343,@FoxNews,Mon Sep 17 10:00:14 +0000 2018,43,"Peter Morici: ""[Obama] certainly gave President @realDonaldTrump a decent economy, not a great economy. But Preside‚Ä¶ https://t.co/fHY66qoNrR",-0.2249,0.128,0.695,0.176
344,@FoxNews,Mon Sep 17 09:55:43 +0000 2018,44,"Arizona Senate candidates @RepMcSally, @kyrstensinema debate border security, public safety at Fox News town hall‚Ä¶ https://t.co/TAgEQSdRyv",0.6369,0.271,0.729,0.0
345,@FoxNews,Mon Sep 17 09:50:52 +0000 2018,45,".@nedryun: ""I think the Democrats are counting their chickens before they hatch."" @FoxFriendsFirst https://t.co/JXTxoZ6Lhx",0.0,0.0,1.0,0.0
346,@FoxNews,Mon Sep 17 09:43:30 +0000 2018,46,Too much pressure in gas pipes blamed for several deadly explosions in Massachusetts https://t.co/n38trZuhGx,-0.6486,0.0,0.694,0.306
347,@FoxNews,Mon Sep 17 09:40:10 +0000 2018,47,Mollie Tibbett's accused killer due in court later this week https://t.co/vae2ooDEZQ,-0.7579,0.0,0.581,0.419
348,@FoxNews,Mon Sep 17 09:36:42 +0000 2018,48,Exclusive look at @FBI's bomb training school https://t.co/EcRpWsNkoG,-0.4019,0.14,0.561,0.299
349,@FoxNews,Mon Sep 17 09:32:24 +0000 2018,49,Attorney General Jeff Sessions calls family of MS-13 victim's mom who was fatally struck by SUV‚Ä¶ https://t.co/yX5Hg3DGpA,-0.7351,0.0,0.708,0.292
350,@FoxNews,Mon Sep 17 09:26:10 +0000 2018,50,14th suspect arrested in Bronx teen 'Junior' Guzman-Feliz's killing at bodega https://t.co/5OaF7r9jd7 https://t.co/uD3OhnzSCT,-0.8658,0.0,0.508,0.492
351,@FoxNews,Mon Sep 17 09:24:49 +0000 2018,51,'Serial killer' Border Patrol agent accused of 4 murders held on $2.5M bond https://t.co/D8Rrm45aqi,-0.8885,0.0,0.488,0.512
352,@FoxNews,Mon Sep 17 09:18:37 +0000 2018,52,"Rams backup center arrested on DUI suspicion, police said https://t.co/NyDxmt9pYN",-0.6908,0.0,0.584,0.416
353,@FoxNews,Mon Sep 17 09:14:40 +0000 2018,53,Summit between North Korea and South Korea to focus on nuclear talks https://t.co/MKNR4ENdSs,0.0,0.0,1.0,0.0
354,@FoxNews,Mon Sep 17 09:10:49 +0000 2018,54,Israel releases US professor detained in West Bank village https://t.co/0nj0XcQh3W,-0.4019,0.0,0.769,0.231
355,@FoxNews,Mon Sep 17 09:07:25 +0000 2018,55,".@RealDocSoos: ""I would think that Republicans would be pretty excited about Robert Mueller‚Äî someone who is imparti‚Ä¶ https://t.co/aYinRbr2eG",0.6808,0.259,0.741,0.0
356,@FoxNews,Mon Sep 17 09:05:01 +0000 2018,56,Salesforce co-founder purchases Time Magazine for $190 million https://t.co/GQSD99FKFM,0.0,0.0,1.0,0.0
357,@FoxNews,Mon Sep 17 09:00:52 +0000 2018,57,".@JenKernsUSA: ""It's very clear at the time that Special Counsel Robert Mueller was appointed, that no one at the h‚Ä¶ https://t.co/WcbJjnnmTq",0.5256,0.217,0.698,0.085
358,@FoxNews,Mon Sep 17 08:55:00 +0000 2018,58,Lisa Page testimony: Collusion still unproven by time of Mueller's special counsel appointment https://t.co/ZqW2wNAonr,0.4019,0.172,0.828,0.0
359,@FoxNews,Mon Sep 17 08:53:45 +0000 2018,59,National Guard rescuing Florence victims https://t.co/Wf460VGDzh https://t.co/WgaJJzcAPU,-0.3182,0.0,0.723,0.277
360,@FoxNews,Mon Sep 17 08:46:22 +0000 2018,60,"""She didn't want anyone else to go through what she went through.""

Nassau County PBA President James McDermott dis‚Ä¶ https://t.co/k8CwLLZqNO",-0.0572,0.0,0.94,0.06
361,@FoxNews,Mon Sep 17 08:45:00 +0000 2018,61,A pregnant military couple who evacuated as Hurricane Florence approached North Carolina gave birth to healthy twin‚Ä¶ https://t.co/c5EQuA1DAC,0.4019,0.144,0.856,0.0
362,@FoxNews,Mon Sep 17 08:35:00 +0000 2018,62,"Ocasio-Cortez: 'Medicare for all' would save 'very large amount of money,' despite studies showing $30T cost https://t.co/6grsF8sJZL",0.4939,0.167,0.833,0.0
363,@FoxNews,Mon Sep 17 08:33:25 +0000 2018,63,Wilmington Fire Chief Buddy Martinette discusses rescues in the wake of Florence @FoxFriendsFirst https://t.co/t1wFEwgUqg,-0.0258,0.138,0.719,0.144
364,@FoxNews,Mon Sep 17 08:26:04 +0000 2018,64,California professor Christine Ford claims Kavanaugh sexually assaulted her: 'It derailed me'‚Ä¶ https://t.co/qtLAluQjCt,-0.7003,0.0,0.655,0.345
365,@FoxNews,Mon Sep 17 08:25:00 +0000 2018,65,.@GovMikeHuckabee: Kerry Talking to Iranians 'Makes the Case' for First-Ever Logan Act Conviction https://t.co/yBjxvC7qSx,0.0,0.0,1.0,0.0
366,@FoxNews,Mon Sep 17 08:21:47 +0000 2018,66,Two robbery suspects facing capital murder charges in the death of a Texas police officer https://t.co/T3lXdi7Y1b https://t.co/hQSTvMfZQy,-0.9201,0.0,0.478,0.522
367,@FoxNews,Mon Sep 17 08:17:46 +0000 2018,67,"Kansas sheriff's deputy shot, killed in line of duty https://t.co/X0hEOQFJpq https://t.co/pYurCqpiyi",-0.6705,0.0,0.69,0.31
368,@FoxNews,Mon Sep 17 08:15:00 +0000 2018,68,Florence death toll at 17 after 3-month-old dies in North Carolina mobile home https://t.co/Wf460Vp2aH,-0.5994,0.0,0.769,0.231
369,@FoxNews,Mon Sep 17 08:14:21 +0000 2018,69,"Florence aftermath: 'Catastrophic, life-threatening' flooding risk as storm shatters rainfall records‚Ä¶ https://t.co/4Kg7jwJs5J",-0.2732,0.0,0.84,0.16
370,@FoxNews,Mon Sep 17 08:05:00 +0000 2018,70,North Carolina National Guard soldiers continued rescue efforts over the weekend in flooded areas slammed by Floren‚Ä¶ https://t.co/w9fYKEEQgT,0.5106,0.163,0.837,0.0
371,@FoxNews,Mon Sep 17 08:00:00 +0000 2018,71,.@Franklin_Graham shares message after Florence https://t.co/w94mJxmPkV,0.296,0.306,0.694,0.0
372,@FoxNews,Mon Sep 17 07:55:00 +0000 2018,72,".@RepMcSally: ""It's extremely frustrating that the Democrats have been obstructing border security.""‚Ä¶ https://t.co/O5Otn8hAmt",-0.4927,0.0,0.79,0.21
373,@FoxNews,Mon Sep 17 07:50:00 +0000 2018,73,Trial set for Idaho teacher accused of feeding puppy to turtle https://t.co/leWA43rrlk,-0.296,0.0,0.833,0.167
374,@FoxNews,Mon Sep 17 07:40:00 +0000 2018,74,".@DevinNunes: ‚ÄúWell, I think ultimately we‚Äôre going to win this trade war.‚Äù #SundayFutures @MariaBartiromo‚Ä¶ https://t.co/iNoOOG1K36",0.5859,0.226,0.774,0.0
375,@FoxNews,Mon Sep 17 07:30:00 +0000 2018,75,John Kerry raised some eyebrows after comparing Trump to an 'insecure teenage girl' https://t.co/KvMTVyPu2m,-0.4215,0.0,0.823,0.177
376,@FoxNews,Mon Sep 17 07:20:00 +0000 2018,76,".@GreggJarrett: ""Everybody's presumed innocent until proven guilty. But that's not the way this special counsel and‚Ä¶ https://t.co/755vfMcxem",0.4069,0.247,0.627,0.125
377,@FoxNews,Mon Sep 17 07:10:00 +0000 2018,77,"On @foxandfriends, @GovMikeHuckabee said he believed ""things have gone pretty well the past year and a half"" with‚Ä¶ https://t.co/nTb08LrcMs",0.6486,0.249,0.751,0.0
378,@FoxNews,Mon Sep 17 07:00:01 +0000 2018,78,.@JoeLieberman on John Kerry‚Äôs talks with Iran https://t.co/wYFbX5KtQM  #SundayFutures @MariaBartiromo https://t.co/BrllXkhgHe,0.0,0.0,1.0,0.0
379,@FoxNews,Mon Sep 17 06:50:00 +0000 2018,79,Wisconsin squirrels freed from 'Gordian Knot' of tails https://t.co/PfrD4AQSs3,0.4019,0.252,0.748,0.0
380,@FoxNews,Mon Sep 17 06:40:00 +0000 2018,80,".@GreggJarrett: ""[Mueller] should have recused himself from the very beginning, never taken the case, because of mu‚Ä¶ https://t.co/Dqz7HAu3c6",0.0,0.0,1.0,0.0
381,@FoxNews,Mon Sep 17 06:30:01 +0000 2018,81,"Members of Nebraska Task Force 1 urban search and rescue team help Korean war veteran Roman Wiggs, 87, out of his w‚Ä¶ https://t.co/yfPQumgsyr",0.2732,0.208,0.657,0.135
382,@FoxNews,Mon Sep 17 06:20:00 +0000 2018,82,Ted Williams: ‚ÄúWhat we need are leaders in our communities to go about the community revering and uplifting police‚Ä¶ https://t.co/QoIF0Ipm4O,0.0,0.0,1.0,0.0
383,@FoxNews,Mon Sep 17 06:10:00 +0000 2018,83,"Kavanaugh faces uncertain future after woman accuser breaks silence, Republicans worry in private about midterms‚Ä¶ https://t.co/TRdZ28zxSx",-0.6249,0.0,0.733,0.267
384,@FoxNews,Mon Sep 17 06:00:00 +0000 2018,84,".@GreggJarrett: ""I find it astonishing that the @POTUS is being investigated over something that is not even remote‚Ä¶ https://t.co/zTFvLunnI1",0.0,0.0,1.0,0.0
385,@FoxNews,Mon Sep 17 05:50:00 +0000 2018,85,"A tattered American flag shredded by Florence waves in the wind in Jacksonville, North Carolina, on Sunday. https://t.co/Y2Ntx40ZIY",0.0,0.0,1.0,0.0
386,@FoxNews,Mon Sep 17 05:40:00 +0000 2018,86,.@GovMikeHuckabee: ‚ÄúI think Mike Pompeo was smart to call him out on it.‚Äù https://t.co/wYFbX5KtQM https://t.co/zNxQvCclM8,0.4019,0.162,0.838,0.0
387,@FoxNews,Mon Sep 17 05:30:00 +0000 2018,87,Ohio Burger King customer calls 911 after employee refuses to honor coupons https://t.co/JFxmA3nVE0,0.4939,0.211,0.789,0.0
388,@FoxNews,Mon Sep 17 05:20:00 +0000 2018,88,"Arizona rancher Jim Chilton: ""We need a wall."" #TownHallAmerica https://t.co/04BWRgjZqs",0.0,0.0,1.0,0.0
389,@FoxNews,Mon Sep 17 05:10:00 +0000 2018,89,Firefighters knelt and prayed outside of a North Carolina home where a mother and child were killed during Florence‚Ä¶ https://t.co/KvTDXw3kFc,-0.6705,0.0,0.791,0.209
390,@FoxNews,Mon Sep 17 05:00:00 +0000 2018,90,Ted Williams: ‚ÄúThere is a lack of respect for these men and women who serve us on a daily basis and try to protect‚Ä¶ https://t.co/ECETM97D7X,0.2023,0.117,0.795,0.087
391,@FoxNews,Mon Sep 17 04:50:00 +0000 2018,91,"14th suspect arrested in Bronx teen 'Junior' Guzman-Feliz's killing at bodega, report says https://t.co/5OaF7rqU4F",-0.8658,0.0,0.531,0.469
392,@FoxNews,Mon Sep 17 04:40:00 +0000 2018,92,"Maggie, a brave 14-year-old Maltese, boldly faced the strong winds of Florence from her balcony, which overlooks th‚Ä¶ https://t.co/qAFmZysfMG",0.8481,0.38,0.62,0.0
393,@FoxNews,Mon Sep 17 04:31:27 +0000 2018,93,United States Coast Guard members of Shallow-Water Response Team 3 rescued pets stranded by flooding caused by Flor‚Ä¶ https://t.co/Utj8ul248K,0.6808,0.259,0.741,0.0
394,@FoxNews,Mon Sep 17 04:20:00 +0000 2018,94,"Art Del Cueto, @bpunion vice president: ""I don't close my doors at night because I hate the people outside, I do it‚Ä¶ https://t.co/12tOPhX6ko",-0.5719,0.0,0.844,0.156
395,@FoxNews,Mon Sep 17 04:10:00 +0000 2018,95,‚ÄúI have been leading in the House to make sure we fight for the resources and policies to secure our border.‚Äù‚Ä¶ https://t.co/dEf12hIfQh,0.2732,0.179,0.722,0.099
396,@FoxNews,Mon Sep 17 04:01:00 +0000 2018,96,"‚ÄúI think full transparency is in order here.‚Äù 

Rep. @DevinNunes joins calls for the Intelligence Committee's Russi‚Ä¶ https://t.co/dFJrOx5uKH",0.4767,0.154,0.846,0.0
397,@FoxNews,Mon Sep 17 03:50:00 +0000 2018,97,Alleged 'looters' in Florence-ravaged North Carolina sought by police https://t.co/Ay0ML53Wrh,0.0,0.0,1.0,0.0
398,@FoxNews,Mon Sep 17 03:40:00 +0000 2018,98,"On @foxandfriends, @dbongino slammed John Kerry for having multiple meetings with Iranian officials behind the back‚Ä¶ https://t.co/NibevayfLw",0.0,0.0,1.0,0.0
399,@FoxNews,Mon Sep 17 03:30:00 +0000 2018,99,"Arizona Senate candidates McSally, Sinema debate border security, public safety at Fox News town hall https://t.co/5AIQKT87vK",0.6369,0.271,0.729,0.0
400,@NYTimes,Mon Sep 17 16:18:05 +0000 2018,0,"After Florence, days of record-breaking rain have pushed rivers over their banks. Water levels are unlikely to rece‚Ä¶ https://t.co/GIKUrOEIDk",0.0,0.0,1.0,0.0
401,@NYTimes,Mon Sep 17 16:03:20 +0000 2018,1,"Rep. Chris Collins, who was indicted on insider trading charges last month, reversed course and planned to announce‚Ä¶ https://t.co/5z5EQ7R4b3",-0.2732,0.0,0.896,0.104
402,@NYTimes,Mon Sep 17 15:58:03 +0000 2018,2,There were nearly 900 incidents last year in which someone was on the subway tracks or was hit by a train after get‚Ä¶ https://t.co/LazalkKGyN,0.0,0.0,1.0,0.0
403,@NYTimes,Mon Sep 17 15:48:05 +0000 2018,3,"On the internet, we can vicariously consume more stuff than we could ever actually buy. Are unboxing videos elimina‚Ä¶ https://t.co/VqWiB6SZIj",0.0,0.0,1.0,0.0
404,@NYTimes,Mon Sep 17 15:38:04 +0000 2018,4,"RT @nytopinion: Just as many Americans are fed up with the economic status quo, so too are they fed up with business as usual in foreign po‚Ä¶",0.0,0.0,1.0,0.0
405,@NYTimes,Mon Sep 17 15:28:05 +0000 2018,5,Australian authorities vowed to shut down a popular music festival after 2 people died of suspected drug overdoses‚Ä¶ https://t.co/RvJyr1A0lk,0.128,0.245,0.531,0.224
406,@NYTimes,Mon Sep 17 15:18:02 +0000 2018,6,"RT @alexburnsNYT: Bloomberg says if he runs for president, it‚Äôll be as a Democrat

He‚Äôs about to begin ads pummeling House Republicans

Fir‚Ä¶",0.0,0.0,1.0,0.0
407,@NYTimes,Mon Sep 17 15:08:01 +0000 2018,7,The trial of the Chicago police officer who shot Laquan McDonald is underway. Here's why Chicago is watching it so‚Ä¶ https://t.co/IEZVs1CPGX,0.0,0.0,1.0,0.0
408,@NYTimes,Mon Sep 17 14:58:02 +0000 2018,8,"Marc Benioff, the billionaire who is buying Time magazine, explains why he's buying Time magazine  https://t.co/On8XArWfCZ",0.0,0.0,1.0,0.0
409,@NYTimes,Mon Sep 17 14:48:36 +0000 2018,9,"Florence's impact, in maps https://t.co/D5oUmcuT0u https://t.co/3n5bGPqHDI",0.0,0.0,1.0,0.0
410,@NYTimes,Mon Sep 17 14:46:43 +0000 2018,10,Breaking News: Judge Brett Kavanaugh said he was willing to speak with a Senate panel to answer assault allegations‚Ä¶ https://t.co/T6UexK0GMu,-0.5859,0.0,0.826,0.174
411,@NYTimes,Mon Sep 17 14:38:01 +0000 2018,11,RT @TimHerrera: We all want to be charming talkers who can work a room. Here are 3 steps to becoming one. https://t.co/J7A5E01AZy,0.6249,0.221,0.779,0.0
412,@NYTimes,Mon Sep 17 14:29:04 +0000 2018,12,"In Rwanda, untreated strep throat can evolve into a life-threatening heart condition. A team of doctors travels the‚Ä¶ https://t.co/O4wyAoCzy0",0.0,0.0,1.0,0.0
413,@NYTimes,Mon Sep 17 14:18:31 +0000 2018,13,The woman who has accused Supreme Court nominee Brett Kavanaugh of sexual assault is willing to testify about her a‚Ä¶ https://t.co/42A5jLRV59,-0.34,0.13,0.652,0.217
414,@NYTimes,Mon Sep 17 14:14:03 +0000 2018,14,"North Korea is making nuclear fuel and building weapons as actively as ever, evidence suggests. But Kim Jong-un now‚Ä¶ https://t.co/AnWCUqCoT0",-0.1531,0.099,0.776,0.125
415,@NYTimes,Mon Sep 17 14:00:05 +0000 2018,15,The center of Tropical Depression Florence has left the Carolinas. But the chaos that the storm unleashed is nowher‚Ä¶ https://t.co/1ccA33RjNX,-0.8126,0.0,0.709,0.291
416,@NYTimes,Mon Sep 17 13:46:04 +0000 2018,16,People across Australia have bitten into store-bought strawberries in recent weeks and found needles hidden inside https://t.co/CCtztjmFZ2,0.0,0.0,1.0,0.0
417,@NYTimes,Mon Sep 17 13:30:13 +0000 2018,17,"Kellyanne Conway said the woman who accused Brett Kavanaugh of sexual assault ""will be heard"" https://t.co/IzXkZ0gNyU",-0.7184,0.0,0.7,0.3
418,@NYTimes,Mon Sep 17 13:14:02 +0000 2018,18,"Video: The North Carolina governor warned the ""risk to life is rising"" https://t.co/vFW8niIGK5",-0.4939,0.0,0.724,0.276
419,@NYTimes,Mon Sep 17 13:00:10 +0000 2018,19,Morning¬†Briefing: Here's what you need to know to start your day https://t.co/RLfhCySdeL https://t.co/A1piAVisgv,0.0,0.0,1.0,0.0
420,@NYTimes,Mon Sep 17 12:44:06 +0000 2018,20,RT @TinaJordanNYT: I had the chance to ask reclusive author Robert Galbraith ‚Äì good friend of @jk_rowling ‚Äî a few questions about his Cormo‚Ä¶,0.7964,0.323,0.677,0.0
421,@NYTimes,Mon Sep 17 12:30:13 +0000 2018,21,See inside Typhoon Mangkhut in 3-D  https://t.co/v8yLCgjxOy https://t.co/W4MgffJfDn,0.0,0.0,1.0,0.0
422,@NYTimes,Mon Sep 17 12:20:06 +0000 2018,22,"Eliud Kipchoge, who is widely regarded as the most dominant distance runner of the modern era, broke the world reco‚Ä¶ https://t.co/hjOfk4QajI",-0.4215,0.0,0.877,0.123
423,@NYTimes,Mon Sep 17 12:11:03 +0000 2018,23,A man was killed by a shark off Cape Cod over the weekend in the first fatal shark attack in Massachusetts since 19‚Ä¶ https://t.co/IEzMGvM011,-0.9022,0.0,0.631,0.369
424,@NYTimes,Mon Sep 17 12:00:06 +0000 2018,24,"Your daily @DealBook Briefing:

‚Ä¢ Top business donors break from the GOP.¬†

‚Ä¢ Marc Benioff is the latest billionair‚Ä¶ https://t.co/SG8TJ46iTZ",0.2023,0.096,0.904,0.0
425,@NYTimes,Mon Sep 17 11:45:07 +0000 2018,25,"""It's easy to say, 'I love God,' but put on your boots, get your hands dirty,"" said a pastor in flood-sunken New Be‚Ä¶ https://t.co/aw2ftjMTiX",0.5499,0.178,0.822,0.0
426,@NYTimes,Mon Sep 17 11:30:12 +0000 2018,26,"There's no doubt Tesla and Elon Musk have plenty of detractors, especially on Twitter. But many of those who believ‚Ä¶ https://t.co/StcfVkEOMN",-0.5719,0.0,0.802,0.198
427,@NYTimes,Mon Sep 17 11:20:04 +0000 2018,27,"The man stood casually on the subway tracks, his face showing no sign of terror as he stared down a 360-ton train https://t.co/txN6Dgosce",-0.5994,0.065,0.722,0.213
428,@NYTimes,Mon Sep 17 11:11:05 +0000 2018,28,North Carolina is facing a statewide crisis as Hurricane Florence slowly ravages the South. Here's what's happening‚Ä¶ https://t.co/1PV2hsHKQt,-0.6249,0.0,0.796,0.204
429,@NYTimes,Mon Sep 17 11:00:18 +0000 2018,29,Molly Kelly fended off a challenge from the left this week to become the Democratic nominee for New Hampshire's gov‚Ä¶ https://t.co/lP1OPuCuZw,0.0772,0.064,0.936,0.0
430,@NYTimes,Mon Sep 17 10:45:02 +0000 2018,30,"Soon-Yi Previn said starting a relationship with Woody Allen, who once dated her mother, created ""a moral dilemma"" https://t.co/bghcPMUss7",0.0772,0.102,0.812,0.086
431,@NYTimes,Mon Sep 17 10:30:10 +0000 2018,31,"There has been another huge misinformation campaign online before an election, this time in Macedonia, and the U.S.‚Ä¶ https://t.co/I2qWkVCs9B",0.0,0.106,0.787,0.106
432,@NYTimes,Mon Sep 17 10:20:11 +0000 2018,32,A woman who accuses Supreme Court nominee Brett M. Kavanaugh of sexually assaulting her when both were high school‚Ä¶ https://t.co/R0FH6nzgBJ,-0.2732,0.142,0.632,0.225
433,@NYTimes,Mon Sep 17 10:10:02 +0000 2018,33,Michael Bloomberg may run for President as a Democrat. His views on policing and #MeToo could be a problem.‚Ä¶ https://t.co/q4ZueDZJRy,0.0,0.0,1.0,0.0
434,@NYTimes,Mon Sep 17 10:00:09 +0000 2018,34,Morning¬†Briefing: Here's what you need to know to start your day https://t.co/qFjVAjZXqa https://t.co/2eee78gcDu,0.0,0.0,1.0,0.0
435,@NYTimes,Mon Sep 17 09:44:01 +0000 2018,35,"RT @nytimesworld: Museums are where we tell stories about ourselves -- about who we are as individuals, communities, nations, even as a spe‚Ä¶",0.0,0.0,1.0,0.0
436,@NYTimes,Mon Sep 17 09:41:05 +0000 2018,36,"""North Korea will highlight the discrepancy: 'Why do the American troops remain in Korea now that the war has ended‚Ä¶ https://t.co/mye3xrsWOZ",-0.3612,0.095,0.751,0.154
437,@NYTimes,Mon Sep 17 09:15:06 +0000 2018,37,RT @JackEwingNYT: I still say the evolution of the Beetle from Nazi propaganda project to counterculture phenomenon was the greatest rebran‚Ä¶,0.4939,0.174,0.744,0.083
438,@NYTimes,Mon Sep 17 09:00:17 +0000 2018,38,7 years after @sweden began giving ordinary Swedes the chance to be the more-or-less official voice of the nation o‚Ä¶ https://t.co/sX5smUK5fn,0.5267,0.196,0.804,0.0
439,@NYTimes,Mon Sep 17 08:31:56 +0000 2018,39,"The first full-dress retrospective in North America devoted to the French painter Eug√®ne Delacroix, a complex, enig‚Ä¶ https://t.co/o3TiIOJ7QZ",0.4019,0.144,0.856,0.0
440,@NYTimes,Mon Sep 17 08:15:03 +0000 2018,40,How do companies regain public trust after something goes seriously wrong? We looked at how Tylenol responded after‚Ä¶ https://t.co/SYCHe8Pq5D,-0.128,0.137,0.664,0.199
441,@NYTimes,Mon Sep 17 08:00:11 +0000 2018,41,The Russia spy scandal has claimed another victim: debutantes. Organizers have pulled the plug on the annual Russia‚Ä¶ https://t.co/SMN2h5Zhih,-0.6124,0.0,0.773,0.227
442,@NYTimes,Mon Sep 17 07:46:56 +0000 2018,42,"RT @stevenleemyers: In Yangjiang, broken glass, downed branches and the remains of a giant sign, but damage seems less severe than feared.‚Ä¶",-0.8523,0.0,0.659,0.341
443,@NYTimes,Mon Sep 17 07:45:05 +0000 2018,43,"More than 230,000 infants were treated in emergency rooms for injuries incurred while using infant walkers from 199‚Ä¶ https://t.co/MFGUyGy6yl",-0.3818,0.0,0.874,0.126
444,@NYTimes,Mon Sep 17 07:30:06 +0000 2018,44,The air travel disruptions that rippled across Asia from the storm continued into Monday. Some flights arrived at a‚Ä¶ https://t.co/9aaUoDS7Hi,-0.34,0.0,0.888,0.112
445,@NYTimes,Mon Sep 17 07:15:03 +0000 2018,45,3 concrete tips that will help you become a more engaged ‚Äî and enjoyable ‚Äî conversation partner https://t.co/uwNnJLt7mj,0.8341,0.446,0.554,0.0
446,@NYTimes,Mon Sep 17 07:00:04 +0000 2018,46,"As President Trump ratchets up the trade war with Beijing, Wall Street‚Äôs words are falling on deaf ears https://t.co/jfxngSxQAW",-0.6705,0.0,0.756,0.244
447,@NYTimes,Mon Sep 17 06:59:48 +0000 2018,47,RT @davidenrich: This is my favorite page in today‚Äôs superb @nytimesbusiness section on the financial crisis‚Äôs 10th anniversary. https://t.‚Ä¶,0.7964,0.295,0.705,0.0
448,@NYTimes,Mon Sep 17 06:45:02 +0000 2018,48,"A day after Typhoon Mangkhut tore through the Philippines, officials began to discover that the human toll from the‚Ä¶ https://t.co/AHhlYa8wmm",0.0,0.0,1.0,0.0
449,@NYTimes,Mon Sep 17 06:30:07 +0000 2018,49,U.S. prosecutors have quietly dismissed charges against a former Senegalese government official in a Chinese energy‚Ä¶ https://t.co/D8NiOQxkPz,-0.2732,0.0,0.87,0.13
450,@NYTimes,Mon Sep 17 06:15:05 +0000 2018,50,"After 5 elections over 17 years, costing about $1 billion, Afghanistan still lacks the most basic consensus on how‚Ä¶ https://t.co/WbUAx9w1Ey",0.0,0.0,1.0,0.0
451,@NYTimes,Mon Sep 17 06:00:06 +0000 2018,51,"With the deal for Time, the Benioffs have picked up one of the most storied ‚Äî but struggling ‚Äî publications in the‚Ä¶ https://t.co/A3h9pSGKYQ",-0.6243,0.0,0.83,0.17
452,@NYTimes,Mon Sep 17 05:45:04 +0000 2018,52,Eliud Kipchoge of Kenya broke the world record for the marathon by more than a minute on Sunday. Read our profile o‚Ä¶ https://t.co/NXNJwqmKBR,-0.4215,0.0,0.882,0.118
453,@NYTimes,Mon Sep 17 05:30:04 +0000 2018,53,Dozens of Times journalists are covering the powerful storms that are wreaking havoc on opposite sides of the world‚Ä¶ https://t.co/q7fKsCBLCh,-0.2732,0.113,0.729,0.158
454,@NYTimes,Mon Sep 17 05:15:05 +0000 2018,54,"Maps of Hurricane Florence's impact tracking the record amount of rainfall, wind and power outages https://t.co/hlCpaDvUvI",0.0,0.0,1.0,0.0
455,@NYTimes,Mon Sep 17 05:12:35 +0000 2018,55,"Many rank the Venerable Xuecheng as the most important Chinese Buddhist reformer in a century. But over the summer,‚Ä¶ https://t.co/6sYblOLgE9",0.2716,0.104,0.896,0.0
456,@NYTimes,Mon Sep 17 04:50:24 +0000 2018,56,"RT @davidzucchino: The Cape Fear River meets aptly-named Water Street in downtown Wilmington, NC, in historic flooding. https://t.co/n3PwXf‚Ä¶",-0.4939,0.0,0.842,0.158
457,@NYTimes,Mon Sep 17 04:45:02 +0000 2018,57,North Korea seems to be building nuclear weapons as actively as ever. But Kim Jong-un now appears to be borrowing a‚Ä¶ https://t.co/FbmjzxelKC,-0.1531,0.091,0.794,0.115
458,@NYTimes,Mon Sep 17 04:30:08 +0000 2018,58,Emergency workers in the Philippines recovered 43 bodies from the muddied wreckage of a gold miners‚Äô bunkhouse afte‚Ä¶ https://t.co/t5fadWlGLC,-0.3818,0.0,0.867,0.133
459,@NYTimes,Mon Sep 17 04:15:05 +0000 2018,59,"Maori is having a revival across New Zealand. Indigenous people are increasingly embracing their language, rejectin‚Ä¶ https://t.co/Xb7lSFS1Vo",0.0,0.0,1.0,0.0
460,@NYTimes,Mon Sep 17 04:02:51 +0000 2018,60,"Europe Edition: Your Monday News Briefing: Typhoon, Kavanaugh, Brexit https://t.co/8BCfOdOo09",0.0,0.0,1.0,0.0
461,@NYTimes,Mon Sep 17 04:00:08 +0000 2018,61,"In Opinion

Columnist Maureen Dowd writes, ""There is someone ‚Äî at the very bottom of the world in the land of Mad M‚Ä¶ https://t.co/84M6r9Vsd9",-0.4939,0.0,0.873,0.127
462,@NYTimes,Mon Sep 17 03:35:12 +0000 2018,62,Jagdish Patel came to the U.S. from India in 1968 and eventually sponsored his wife and 6 siblings. Their descendan‚Ä¶ https://t.co/M2OIqo1DwO,0.0,0.0,1.0,0.0
463,@NYTimes,Mon Sep 17 03:17:08 +0000 2018,63,"Julien Baker, Phoebe Bridgers and Lucy Dacus have emerged in the last few years as singular forces in indie rock. N‚Ä¶ https://t.co/B9mcfi2VDv",0.0,0.0,1.0,0.0
464,@NYTimes,Mon Sep 17 03:01:04 +0000 2018,64,"RT @nytimesworld: ""I found Chance and his mother huddled under a tree outside the hospital in Kigali. Chance was a portrait of misery; Alph‚Ä¶",-0.1779,0.15,0.712,0.139
465,@NYTimes,Mon Sep 17 02:43:39 +0000 2018,65,"Delay the Vote ‚Äî For Kavanaugh, for His Accuser and for the Court https://t.co/mPkL4PwlEf",-0.3182,0.0,0.839,0.161
466,@NYTimes,Mon Sep 17 02:32:10 +0000 2018,66,"Vontae Davis Leaves Field During N.F.L. Game, Then Abruptly Retires https://t.co/0VmMte8ArG",0.0,0.0,1.0,0.0
467,@NYTimes,Mon Sep 17 02:16:16 +0000 2018,67,The 26-year-old rapper Noname got noticed on a Chance the Rapper album. Her excellent debut album proves she‚Äôs a st‚Ä¶ https://t.co/1iwVpLpgBe,0.6908,0.251,0.749,0.0
468,@NYTimes,Mon Sep 17 02:07:08 +0000 2018,68,RT @reynadesai: Glass everywhere on the streets in Hong Kong from shattered skyscrapers. https://t.co/ACm2wEqMNu https://t.co/rNlkcpkVGj,-0.4767,0.0,0.819,0.181
469,@NYTimes,Mon Sep 17 01:59:58 +0000 2018,69,"2 hours, 1 minute, 39 seconds: Eliud Kipchoge of Kenya broke the world record for the marathon by more than a minute https://t.co/6VIWLopMqd",-0.4215,0.0,0.872,0.128
470,@NYTimes,Mon Sep 17 01:43:49 +0000 2018,70,"News Analysis: North Korea‚Äôs Trump-Era Strategy: Keep Making A-Bombs, but Quietly https://t.co/0zxrjYevTE",0.0,0.0,1.0,0.0
471,@NYTimes,Mon Sep 17 01:30:29 +0000 2018,71,Typhoon Mangkhut Slams Hong Kong and Southern China https://t.co/sV9mOZ2XPx,0.0,0.0,1.0,0.0
472,@NYTimes,Mon Sep 17 01:22:16 +0000 2018,72,Why the I.C.C. Should Rejoice When America Attacks It https://t.co/zenu6tFlHo,0.0,0.21,0.58,0.21
473,@NYTimes,Mon Sep 17 01:18:59 +0000 2018,73,"Conor McPherson has never spoken to Bob Dylan, but he got the OK to use any of his songs on stage. https://t.co/VGETjg4CET",0.5993,0.157,0.843,0.0
474,@NYTimes,Mon Sep 17 01:02:52 +0000 2018,74,The death toll from Florence rose to at least 16 in North and South Carolina. The storm has ‚Äúnever been more danger‚Ä¶ https://t.co/FnhXDvjqi1,-0.5994,0.0,0.849,0.151
475,@NYTimes,Mon Sep 17 00:53:00 +0000 2018,75,"Maori Language, Once Shunned, Is Having a Renaissance in New Zealand https://t.co/hdZdx1RFFg",0.0,0.0,1.0,0.0
476,@NYTimes,Mon Sep 17 00:52:45 +0000 2018,76,"RT @newshound16: Massive landslide has cut off the area and buried old mining bunkhouses in the village of Ucab, in Itogon #NYT team has re‚Ä¶",-0.2732,0.0,0.92,0.08
477,@NYTimes,Mon Sep 17 00:50:18 +0000 2018,77,"Until last month, no solo artist had recorded the 70-piece Thelonious Monk songbook, the most plundered body of wor‚Ä¶ https://t.co/ogopAq6Wo4",-0.296,0.0,0.896,0.104
478,@NYTimes,Mon Sep 17 00:32:55 +0000 2018,78,"While Petah Coyne's work has always intermingled ideas of beauty and death, the current exhibition has taken a more‚Ä¶ https://t.co/drJieuM3GF",-0.0258,0.154,0.688,0.158
479,@NYTimes,Mon Sep 17 00:16:04 +0000 2018,79,Time Magazine to Be Sold to the Salesforce Billionaire Marc Benioff https://t.co/6kWijEoAlt,0.0,0.0,1.0,0.0
480,@NYTimes,Mon Sep 17 00:00:59 +0000 2018,80,Myanmar‚Äôs Assault on a Truthful Press https://t.co/e1IpfjIzl4,-0.2023,0.278,0.37,0.352
481,@NYTimes,Sun Sep 16 23:55:11 +0000 2018,81,‚ÄòTrump Derangement Syndrome‚Äô is a Myth https://t.co/hiR09LilEo,0.0,0.0,1.0,0.0
482,@NYTimes,Sun Sep 16 23:55:09 +0000 2018,82,Good news for anyone who doesn't have the time or desire to linger in the gym https://t.co/y9dSEIyI5m,0.6808,0.272,0.728,0.0
483,@NYTimes,Sun Sep 16 23:38:38 +0000 2018,83,"As Trump‚Äôs Trade War Mounts, China‚Äôs Wall Street Allies Lose Clout https://t.co/cn4KOzyd85",-0.765,0.0,0.602,0.398
484,@NYTimes,Sun Sep 16 23:32:24 +0000 2018,84,"What's the purpose of art? And who is it for? You'll find some powerful, uplifting and inventive answers to those q‚Ä¶ https://t.co/wpqjFl8MQB",0.4871,0.131,0.869,0.0
485,@NYTimes,Sun Sep 16 23:14:23 +0000 2018,85,48 Hours: The Rodarte Sisters‚Äô Dramatic Return to New York https://t.co/mK1Wb0qLgv,0.0,0.0,1.0,0.0
486,@NYTimes,Sun Sep 16 23:03:00 +0000 2018,86,"RT @tmagazine: The man who made wildly imaginative, gloriously disobedient buildings https://t.co/XUtlseK3Go https://t.co/I4LqGAz6R1",0.5994,0.245,0.755,0.0
487,@NYTimes,Sun Sep 16 22:46:01 +0000 2018,87,"N.F.L. Week 2 Live: Scores, Highlights and Analysis https://t.co/f821ApSSS4",0.0,0.0,1.0,0.0
488,@NYTimes,Sun Sep 16 22:45:04 +0000 2018,88,"RT @nytopinion: ‚ÄúWe need to turn the House and Senate as a check on Donald Trump and his runaway presidency,‚Äù says Seth Klarman, who is con‚Ä¶",0.0,0.0,1.0,0.0
489,@NYTimes,Sun Sep 16 22:30:05 +0000 2018,89,"Anyone who has ever taken a cab or the ""L"" from Chicago's Loop to O'Hare would love an alternative that takes 12 mi‚Ä¶ https://t.co/onvEZBZlnj",0.6369,0.16,0.84,0.0
490,@NYTimes,Sun Sep 16 22:15:08 +0000 2018,90,"In one night, the all-volunteer Cajun Navy rescued 155 people and at least a couple of cats from homes in areas flo‚Ä¶ https://t.co/8bCOwMPzrU",0.4215,0.118,0.882,0.0
491,@NYTimes,Sun Sep 16 22:00:14 +0000 2018,91,There is something different about the Democratic candidates and message aimed at union votes this time around. Cal‚Ä¶ https://t.co/13X1Y7jG5Q,0.0,0.0,1.0,0.0
492,@NYTimes,Sun Sep 16 21:45:08 +0000 2018,92,"Mennonites in Belize live apart from the larger community, forgoing most elements of modern technology. But some bi‚Ä¶ https://t.co/3WCQ97lLcx",0.0,0.0,1.0,0.0
493,@NYTimes,Sun Sep 16 21:30:04 +0000 2018,93,7 years after @sweden began giving ordinary Swedes the chance to be the more-or-less official voice of the nation o‚Ä¶ https://t.co/R6KsDHKAEA,0.5267,0.196,0.804,0.0
494,@NYTimes,Sun Sep 16 21:15:07 +0000 2018,94,Jagdish Patel came to the U.S. from India in 1968 and eventually sponsored his wife and 6 siblings. Their descendan‚Ä¶ https://t.co/XH2taj4Vrd,0.0,0.0,1.0,0.0
495,@NYTimes,Sun Sep 16 21:00:10 +0000 2018,95,Noodle kugel? Chocolate babka? Break your Yom Kippur fast with these recipes. https://t.co/UWVsUkNOVd,0.0,0.0,1.0,0.0
496,@NYTimes,Sun Sep 16 20:44:26 +0000 2018,96,Hear the story of how one family found out they were on their own during Hurricane Harvey https://t.co/PUIi5Hczy5,0.0,0.0,1.0,0.0
497,@NYTimes,Sun Sep 16 20:40:52 +0000 2018,97,"And even when the floodwaters began to recede, Wayne Dailey was still pleading with emergency services to send some‚Ä¶ https://t.co/ujY2YoG44Z",-0.3818,0.0,0.88,0.12
498,@NYTimes,Sun Sep 16 20:37:07 +0000 2018,98,"He saw a helicopter with a rescue line and climbed to his roof. ‚ÄúThe rescuer, he was leaned out over the side of th‚Ä¶ https://t.co/P5cgWZqwny",0.5106,0.13,0.87,0.0
499,@NYTimes,Sun Sep 16 20:34:30 +0000 2018,99,"‚ÄúI‚Äôm really, really, really, really needing her to get her to a hospital ASAP,"" he said on his third 911 call. The‚Ä¶ https://t.co/3OLRnQ4CDT",0.0,0.0,1.0,0.0
